n,m,p_max,I,mean,std,min,max
10,10,1,0,1.0,0,1.0,1.0
10,10,1,1,1.0,0,1.0,1.0
10,10,1,2,1.0,0,1.0,1.0
10,10,1,3,1.0,0,1.0,1.0
10,10,1,4,1.0,0,1.0,1.0
10,10,1,5,1.0,0,1.0,1.0
10,10,1,6,1.0,0,1.0,1.0
10,10,1,7,1.0,0,1.0,1.0
10,10,1,8,1.0,0,1.0,1.0
10,10,1,9,1.0,0,1.0,1.0
10,10,1,10,1.0,0,1.0,1.0
10,10,1,11,1.0,0,1.0,1.0
10,10,1,12,1.0,0,1.0,1.0
10,10,1,13,1.0,0,1.0,1.0
10,10,1,14,1.0,0,1.0,1.0
10,10,1,15,1.0,0,1.0,1.0
10,10,1,16,1.0,0,1.0,1.0
10,10,1,17,1.0,0,1.0,1.0
10,10,1,18,1.0,0,1.0,1.0
10,10,1,19,1.0,0,1.0,1.0
10,10,1,20,1.0,0,1.0,1.0
10,10,1,21,1.0,0,1.0,1.0
10,10,1,22,1.0,0,1.0,1.0
10,10,1,23,1.0,0,1.0,1.0
10,10,1,24,1.0,0,1.0,1.0
10,10,1,25,1.0,0,1.0,1.0
10,10,1,26,1.0,0,1.0,1.0
10,10,1,27,1.0,0,1.0,1.0
10,10,1,28,1.0,0,1.0,1.0
10,10,1,29,1.0,0,1.0,1.0
10,10,1,30,1.0,0,1.0,1.0
10,10,1,31,1.0,0,1.0,1.0
10,10,1,32,1.0,0,1.0,1.0
10,10,1,33,1.0,0,1.0,1.0
10,10,1,34,1.0,0,1.0,1.0
10,10,1,35,1.0,0,1.0,1.0
10,10,1,36,1.0,0,1.0,1.0
10,10,1,37,1.0,0,1.0,1.0
10,10,1,38,1.0,0,1.0,1.0
10,10,1,39,1.0,0,1.0,1.0
10,10,1,40,1.0,0,1.0,1.0
10,10,1,41,1.0,0,1.0,1.0
10,10,1,42,1.0,0,1.0,1.0
10,10,1,43,1.0,0,1.0,1.0
10,10,1,44,1.0,0,1.0,1.0
10,10,1,45,1.0,0,1.0,1.0
10,10,1,46,1.0,0,1.0,1.0
10,10,1,47,1.0,0,1.0,1.0
10,10,1,48,1.0,0,1.0,1.0
10,10,1,49,1.0,0,1.0,1.0
10,10,1,50,1.0,0,1.0,1.0
10,10,1,51,1.0,0,1.0,1.0
10,10,1,52,1.0,0,1.0,1.0
10,10,1,53,1.0,0,1.0,1.0
10,10,1,54,1.0,0,1.0,1.0
10,10,1,55,1.0,0,1.0,1.0
10,10,1,56,1.0,0,1.0,1.0
10,10,1,57,1.0,0,1.0,1.0
10,10,1,58,1.0,0,1.0,1.0
10,10,1,59,1.0,0,1.0,1.0
10,10,1,60,1.0,0,1.0,1.0
10,10,1,61,1.0,0,1.0,1.0
10,10,1,62,1.0,0,1.0,1.0
10,10,1,63,1.0,0,1.0,1.0
10,10,1,64,1.0,0,1.0,1.0
10,10,1,65,1.0,0,1.0,1.0
10,10,1,66,1.0,0,1.0,1.0
10,10,1,67,1.0,0,1.0,1.0
10,10,1,68,1.0,0,1.0,1.0
10,10,1,69,1.0,0,1.0,1.0
10,10,1,70,1.0,0,1.0,1.0
10,10,1,71,1.0,0,1.0,1.0
10,10,1,72,1.0,0,1.0,1.0
10,10,1,73,1.0,0,1.0,1.0
10,10,1,74,1.0,0,1.0,1.0
10,10,1,75,1.0,0,1.0,1.0
10,10,1,76,1.0,0,1.0,1.0
10,10,1,77,1.0,0,1.0,1.0
10,10,1,78,1.0,0,1.0,1.0
10,10,1,79,1.0,0,1.0,1.0
10,10,1,80,1.0,0,1.0,1.0
10,10,1,81,1.0,0,1.0,1.0
10,10,1,82,1.0,0,1.0,1.0
10,10,1,83,1.0,0,1.0,1.0
10,10,1,84,1.0,0,1.0,1.0
10,10,1,85,1.0,0,1.0,1.0
10,10,1,86,1.0,0,1.0,1.0
10,10,1,87,1.0,0,1.0,1.0
10,10,1,88,1.0,0,1.0,1.0
10,10,1,89,1.0,0,1.0,1.0
10,10,1,90,1.0,0,1.0,1.0
10,10,1,91,1.0,0,1.0,1.0
10,10,1,92,1.0,0,1.0,1.0
10,10,1,93,1.0,0,1.0,1.0
10,10,1,94,1.0,0,1.0,1.0
10,10,1,95,1.0,0,1.0,1.0
10,10,1,96,1.0,0,1.0,1.0
10,10,1,97,1.0,0,1.0,1.0
10,10,1,98,1.0,0,1.0,1.0
10,10,1,99,1.0,0,1.0,1.0
10,10,1,0,1.0,0,1.0,1.0
10,10,1,1,1.0,0,1.0,1.0
10,10,1,2,1.0,0,1.0,1.0
10,10,1,3,1.0,0,1.0,1.0
10,10,1,4,1.0,0,1.0,1.0
10,10,1,5,1.0,0,1.0,1.0
10,10,1,6,1.0,0,1.0,1.0
10,10,1,7,1.0,0,1.0,1.0
10,10,1,8,1.0,0,1.0,1.0
10,10,1,9,1.0,0,1.0,1.0
10,10,1,10,1.0,0,1.0,1.0
10,10,1,11,1.0,0,1.0,1.0
10,10,1,12,1.0,0,1.0,1.0
10,10,1,13,1.0,0,1.0,1.0
10,10,1,14,1.0,0,1.0,1.0
10,10,1,15,1.0,0,1.0,1.0
10,10,1,16,1.0,0,1.0,1.0
10,10,1,17,1.0,0,1.0,1.0
10,10,1,18,1.0,0,1.0,1.0
10,10,1,19,1.0,0,1.0,1.0
10,10,1,20,1.0,0,1.0,1.0
10,10,1,21,1.0,0,1.0,1.0
10,10,1,22,1.0,0,1.0,1.0
10,10,1,23,1.0,0,1.0,1.0
10,10,1,24,1.0,0,1.0,1.0
10,10,1,25,1.0,0,1.0,1.0
10,10,1,26,1.0,0,1.0,1.0
10,10,1,27,1.0,0,1.0,1.0
10,10,1,28,1.0,0,1.0,1.0
10,10,1,29,1.0,0,1.0,1.0
10,10,1,30,1.0,0,1.0,1.0
10,10,1,31,1.0,0,1.0,1.0
10,10,1,32,1.0,0,1.0,1.0
10,10,1,33,1.0,0,1.0,1.0
10,10,1,34,1.0,0,1.0,1.0
10,10,1,35,1.0,0,1.0,1.0
10,10,1,36,1.0,0,1.0,1.0
10,10,1,37,1.0,0,1.0,1.0
10,10,1,38,1.0,0,1.0,1.0
10,10,1,39,1.0,0,1.0,1.0
10,10,1,40,1.0,0,1.0,1.0
10,10,1,41,1.0,0,1.0,1.0
10,10,1,42,1.0,0,1.0,1.0
10,10,1,43,1.0,0,1.0,1.0
10,10,1,44,1.0,0,1.0,1.0
10,10,1,45,1.0,0,1.0,1.0
10,10,1,46,1.0,0,1.0,1.0
10,10,1,47,1.0,0,1.0,1.0
10,10,1,48,1.0,0,1.0,1.0
10,10,1,49,1.0,0,1.0,1.0
10,10,1,50,1.0,0,1.0,1.0
10,10,1,51,1.0,0,1.0,1.0
10,10,1,52,1.0,0,1.0,1.0
10,10,1,53,1.0,0,1.0,1.0
10,10,1,54,1.0,0,1.0,1.0
10,10,1,55,1.0,0,1.0,1.0
10,10,1,56,1.0,0,1.0,1.0
10,10,1,57,1.0,0,1.0,1.0
10,10,1,58,1.0,0,1.0,1.0
10,10,1,59,1.0,0,1.0,1.0
10,10,1,60,1.0,0,1.0,1.0
10,10,1,61,1.0,0,1.0,1.0
10,10,1,62,1.0,0,1.0,1.0
10,10,1,63,1.0,0,1.0,1.0
10,10,1,64,1.0,0,1.0,1.0
10,10,1,65,1.0,0,1.0,1.0
10,10,1,66,1.0,0,1.0,1.0
10,10,1,67,1.0,0,1.0,1.0
10,10,1,68,1.0,0,1.0,1.0
10,10,1,69,1.0,0,1.0,1.0
10,10,1,70,1.0,0,1.0,1.0
10,10,1,71,1.0,0,1.0,1.0
10,10,1,72,1.0,0,1.0,1.0
10,10,1,73,1.0,0,1.0,1.0
10,10,1,74,1.0,0,1.0,1.0
10,10,1,75,1.0,0,1.0,1.0
10,10,1,76,1.0,0,1.0,1.0
10,10,1,77,1.0,0,1.0,1.0
10,10,1,78,1.0,0,1.0,1.0
10,10,1,79,1.0,0,1.0,1.0
10,10,1,80,1.0,0,1.0,1.0
10,10,1,81,1.0,0,1.0,1.0
10,10,1,82,1.0,0,1.0,1.0
10,10,1,83,1.0,0,1.0,1.0
10,10,1,84,1.0,0,1.0,1.0
10,10,1,85,1.0,0,1.0,1.0
10,10,1,86,1.0,0,1.0,1.0
10,10,1,87,1.0,0,1.0,1.0
10,10,1,88,1.0,0,1.0,1.0
10,10,1,89,1.0,0,1.0,1.0
10,10,1,90,1.0,0,1.0,1.0
10,10,1,91,1.0,0,1.0,1.0
10,10,1,92,1.0,0,1.0,1.0
10,10,1,93,1.0,0,1.0,1.0
10,10,1,94,1.0,0,1.0,1.0
10,10,1,95,1.0,0,1.0,1.0
10,10,1,96,1.0,0,1.0,1.0
10,10,1,97,1.0,0,1.0,1.0
10,10,1,98,1.0,0,1.0,1.0
10,10,1,99,1.0,0,1.0,1.0
10,10,1,0,1.0,0,1.0,1.0
10,10,1,1,1.0,0,1.0,1.0
10,10,1,2,1.0,0,1.0,1.0
10,10,1,3,1.0,0,1.0,1.0
10,10,1,4,1.0,0,1.0,1.0
10,10,1,5,1.0,0,1.0,1.0
10,10,1,6,1.0,0,1.0,1.0
10,10,1,7,1.0,0,1.0,1.0
10,10,1,8,1.0,0,1.0,1.0
10,10,1,9,1.0,0,1.0,1.0
10,10,1,10,1.0,0,1.0,1.0
10,10,1,11,1.0,0,1.0,1.0
10,10,1,12,1.0,0,1.0,1.0
10,10,1,13,1.0,0,1.0,1.0
10,10,1,14,1.0,0,1.0,1.0
10,10,1,15,1.0,0,1.0,1.0
10,10,1,16,1.0,0,1.0,1.0
10,10,1,17,1.0,0,1.0,1.0
10,10,1,18,1.0,0,1.0,1.0
10,10,1,19,1.0,0,1.0,1.0
10,10,1,20,1.0,0,1.0,1.0
10,10,1,21,1.0,0,1.0,1.0
10,10,1,22,1.0,0,1.0,1.0
10,10,1,23,1.0,0,1.0,1.0
10,10,1,24,1.0,0,1.0,1.0
10,10,1,25,1.0,0,1.0,1.0
10,10,1,26,1.0,0,1.0,1.0
10,10,1,27,1.0,0,1.0,1.0
10,10,1,28,1.0,0,1.0,1.0
10,10,1,29,1.0,0,1.0,1.0
10,10,1,30,1.0,0,1.0,1.0
10,10,1,31,1.0,0,1.0,1.0
10,10,1,32,1.0,0,1.0,1.0
10,10,1,33,1.0,0,1.0,1.0
10,10,1,34,1.0,0,1.0,1.0
10,10,1,35,1.0,0,1.0,1.0
10,10,1,36,1.0,0,1.0,1.0
10,10,1,37,1.0,0,1.0,1.0
10,10,1,38,1.0,0,1.0,1.0
10,10,1,39,1.0,0,1.0,1.0
10,10,1,40,1.0,0,1.0,1.0
10,10,1,41,1.0,0,1.0,1.0
10,10,1,42,1.0,0,1.0,1.0
10,10,1,43,1.0,0,1.0,1.0
10,10,1,44,1.0,0,1.0,1.0
10,10,1,45,1.0,0,1.0,1.0
10,10,1,46,1.0,0,1.0,1.0
10,10,1,47,1.0,0,1.0,1.0
10,10,1,48,1.0,0,1.0,1.0
10,10,1,49,1.0,0,1.0,1.0
10,10,1,50,1.0,0,1.0,1.0
10,10,1,51,1.0,0,1.0,1.0
10,10,1,52,1.0,0,1.0,1.0
10,10,1,53,1.0,0,1.0,1.0
10,10,1,54,1.0,0,1.0,1.0
10,10,1,55,1.0,0,1.0,1.0
10,10,1,56,1.0,0,1.0,1.0
10,10,1,57,1.0,0,1.0,1.0
10,10,1,58,1.0,0,1.0,1.0
10,10,1,59,1.0,0,1.0,1.0
10,10,1,60,1.0,0,1.0,1.0
10,10,1,61,1.0,0,1.0,1.0
10,10,1,62,1.0,0,1.0,1.0
10,10,1,63,1.0,0,1.0,1.0
10,10,1,64,1.0,0,1.0,1.0
10,10,1,65,1.0,0,1.0,1.0
10,10,1,66,1.0,0,1.0,1.0
10,10,1,67,1.0,0,1.0,1.0
10,10,1,68,1.0,0,1.0,1.0
10,10,1,69,1.0,0,1.0,1.0
10,10,1,70,1.0,0,1.0,1.0
10,10,1,71,1.0,0,1.0,1.0
10,10,1,72,1.0,0,1.0,1.0
10,10,1,73,1.0,0,1.0,1.0
10,10,1,74,1.0,0,1.0,1.0
10,10,1,75,1.0,0,1.0,1.0
10,10,1,76,1.0,0,1.0,1.0
10,10,1,77,1.0,0,1.0,1.0
10,10,1,78,1.0,0,1.0,1.0
10,10,1,79,1.0,0,1.0,1.0
10,10,1,80,1.0,0,1.0,1.0
10,10,1,81,1.0,0,1.0,1.0
10,10,1,82,1.0,0,1.0,1.0
10,10,1,83,1.0,0,1.0,1.0
10,10,1,84,1.0,0,1.0,1.0
10,10,1,85,1.0,0,1.0,1.0
10,10,1,86,1.0,0,1.0,1.0
10,10,1,87,1.0,0,1.0,1.0
10,10,1,88,1.0,0,1.0,1.0
10,10,1,89,1.0,0,1.0,1.0
10,10,1,90,1.0,0,1.0,1.0
10,10,1,91,1.0,0,1.0,1.0
10,10,1,92,1.0,0,1.0,1.0
10,10,1,93,1.0,0,1.0,1.0
10,10,1,94,1.0,0,1.0,1.0
10,10,1,95,1.0,0,1.0,1.0
10,10,1,96,1.0,0,1.0,1.0
10,10,1,97,1.0,0,1.0,1.0
10,10,1,98,1.0,0,1.0,1.0
10,10,1,99,1.0,0,1.0,1.0
10,10,2,0,1.0,0,1.0,1.0
10,10,2,1,1.0,0,1.0,1.0
10,10,2,2,1.0,0,1.0,1.0
10,10,2,3,1.0,0,1.0,1.0
10,10,2,4,1.0,0,1.0,1.0
10,10,2,5,1.0,0,1.0,1.0
10,10,2,6,1.0,0,1.0,1.0
10,10,2,7,1.0,0,1.0,1.0
10,10,2,8,1.0,0,1.0,1.0
10,10,2,9,1.0,0,1.0,1.0
10,10,2,10,1.0,0,1.0,1.0
10,10,2,11,1.0,0,1.0,1.0
10,10,2,12,1.0,0,1.0,1.0
10,10,2,13,1.0,0,1.0,1.0
10,10,2,14,1.0,0,1.0,1.0
10,10,2,15,1.0,0,1.0,1.0
10,10,2,16,1.0,0,1.0,1.0
10,10,2,17,1.0,0,1.0,1.0
10,10,2,18,1.0,0,1.0,1.0
10,10,2,19,1.0,0,1.0,1.0
10,10,2,20,1.0,0,1.0,1.0
10,10,2,21,1.0,0,1.0,1.0
10,10,2,22,1.0,0,1.0,1.0
10,10,2,23,1.0,0,1.0,1.0
10,10,2,24,1.0,0,1.0,1.0
10,10,2,25,1.0,0,1.0,1.0
10,10,2,26,1.0,0,1.0,1.0
10,10,2,27,1.0,0,1.0,1.0
10,10,2,28,1.0,0,1.0,1.0
10,10,2,29,1.0,0,1.0,1.0
10,10,2,30,1.0,0,1.0,1.0
10,10,2,31,1.0,0,1.0,1.0
10,10,2,32,1.0,0,1.0,1.0
10,10,2,33,1.0,0,1.0,1.0
10,10,2,34,1.0,0,1.0,1.0
10,10,2,35,1.0,0,1.0,1.0
10,10,2,36,1.0,0,1.0,1.0
10,10,2,37,1.0,0,1.0,1.0
10,10,2,38,1.0,0,1.0,1.0
10,10,2,39,1.0,0,1.0,1.0
10,10,2,40,1.0,0,1.0,1.0
10,10,2,41,1.0,0,1.0,1.0
10,10,2,42,1.0,0,1.0,1.0
10,10,2,43,1.0,0,1.0,1.0
10,10,2,44,1.0,0,1.0,1.0
10,10,2,45,1.0,0,1.0,1.0
10,10,2,46,1.0,0,1.0,1.0
10,10,2,47,1.0,0,1.0,1.0
10,10,2,48,1.0,0,1.0,1.0
10,10,2,49,1.0,0,1.0,1.0
10,10,2,50,1.0,0,1.0,1.0
10,10,2,51,1.0,0,1.0,1.0
10,10,2,52,1.0,0,1.0,1.0
10,10,2,53,1.0,0,1.0,1.0
10,10,2,54,1.0,0,1.0,1.0
10,10,2,55,1.0,0,1.0,1.0
10,10,2,56,1.0,0,1.0,1.0
10,10,2,57,1.0,0,1.0,1.0
10,10,2,58,1.0,0,1.0,1.0
10,10,2,59,1.0,0,1.0,1.0
10,10,2,60,1.0,0,1.0,1.0
10,10,2,61,1.0,0,1.0,1.0
10,10,2,62,1.0,0,1.0,1.0
10,10,2,63,1.0,0,1.0,1.0
10,10,2,64,1.0,0,1.0,1.0
10,10,2,65,1.0,0,1.0,1.0
10,10,2,66,1.0,0,1.0,1.0
10,10,2,67,1.0,0,1.0,1.0
10,10,2,68,1.0,0,1.0,1.0
10,10,2,69,1.0,0,1.0,1.0
10,10,2,70,1.0,0,1.0,1.0
10,10,2,71,1.0,0,1.0,1.0
10,10,2,72,1.0,0,1.0,1.0
10,10,2,73,1.0,0,1.0,1.0
10,10,2,74,1.0,0,1.0,1.0
10,10,2,75,1.0,0,1.0,1.0
10,10,2,76,1.0,0,1.0,1.0
10,10,2,77,1.0,0,1.0,1.0
10,10,2,78,1.0,0,1.0,1.0
10,10,2,79,1.0,0,1.0,1.0
10,10,2,80,1.0,0,1.0,1.0
10,10,2,81,1.0,0,1.0,1.0
10,10,2,82,1.0,0,1.0,1.0
10,10,2,83,1.0,0,1.0,1.0
10,10,2,84,1.0,0,1.0,1.0
10,10,2,85,1.0,0,1.0,1.0
10,10,2,86,1.0,0,1.0,1.0
10,10,2,87,1.0,0,1.0,1.0
10,10,2,88,1.0,0,1.0,1.0
10,10,2,89,1.0,0,1.0,1.0
10,10,2,90,1.0,0,1.0,1.0
10,10,2,91,1.0,0,1.0,1.0
10,10,2,92,1.0,0,1.0,1.0
10,10,2,93,1.0,0,1.0,1.0
10,10,2,94,1.0,0,1.0,1.0
10,10,2,95,1.0,0,1.0,1.0
10,10,2,96,1.0,0,1.0,1.0
10,10,2,97,1.0,0,1.0,1.0
10,10,2,98,1.0,0,1.0,1.0
10,10,2,99,1.0,0,1.0,1.0
10,10,3,0,1.5,0,1.5,1.5
10,10,3,1,1.0,0,1.0,1.0
10,10,3,2,1.0,0,1.0,1.0
10,10,3,3,1.0,0,1.0,1.0
10,10,3,4,1.0,0,1.0,1.0
10,10,3,5,1.0,0,1.0,1.0
10,10,3,6,1.0,0,1.0,1.0
10,10,3,7,1.0,0,1.0,1.0
10,10,3,8,1.0,0,1.0,1.0
10,10,3,9,1.0,0,1.0,1.0
10,10,3,10,1.0,0,1.0,1.0
10,10,3,11,1.0,0,1.0,1.0
10,10,3,12,1.0,0,1.0,1.0
10,10,3,13,1.0,0,1.0,1.0
10,10,3,14,1.0,0,1.0,1.0
10,10,3,15,1.0,0,1.0,1.0
10,10,3,16,1.0,0,1.0,1.0
10,10,3,17,1.0,0,1.0,1.0
10,10,3,18,1.0,0,1.0,1.0
10,10,3,19,1.0,0,1.0,1.0
10,10,3,20,1.0,0,1.0,1.0
10,10,3,21,1.0,0,1.0,1.0
10,10,3,22,1.0,0,1.0,1.0
10,10,3,23,1.0,0,1.0,1.0
10,10,3,24,1.0,0,1.0,1.0
10,10,3,25,1.0,0,1.0,1.0
10,10,3,26,1.0,0,1.0,1.0
10,10,3,27,1.0,0,1.0,1.0
10,10,3,28,1.0,0,1.0,1.0
10,10,3,29,1.0,0,1.0,1.0
10,10,3,30,1.0,0,1.0,1.0
10,10,3,31,1.0,0,1.0,1.0
10,10,3,32,1.0,0,1.0,1.0
10,10,3,33,1.0,0,1.0,1.0
10,10,3,34,1.0,0,1.0,1.0
10,10,3,35,1.0,0,1.0,1.0
10,10,3,36,1.0,0,1.0,1.0
10,10,3,37,1.0,0,1.0,1.0
10,10,3,38,1.0,0,1.0,1.0
10,10,3,39,1.0,0,1.0,1.0
10,10,3,40,1.0,0,1.0,1.0
10,10,3,41,1.0,0,1.0,1.0
10,10,3,42,1.0,0,1.0,1.0
10,10,3,43,1.0,0,1.0,1.0
10,10,3,44,1.0,0,1.0,1.0
10,10,3,45,1.0,0,1.0,1.0
10,10,3,46,1.0,0,1.0,1.0
10,10,3,47,1.0,0,1.0,1.0
10,10,3,48,1.0,0,1.0,1.0
10,10,3,49,1.0,0,1.0,1.0
10,10,3,50,1.0,0,1.0,1.0
10,10,3,51,1.0,0,1.0,1.0
10,10,3,52,1.0,0,1.0,1.0
10,10,3,53,1.0,0,1.0,1.0
10,10,3,54,1.0,0,1.0,1.0
10,10,3,55,1.0,0,1.0,1.0
10,10,3,56,1.0,0,1.0,1.0
10,10,3,57,1.0,0,1.0,1.0
10,10,3,58,1.0,0,1.0,1.0
10,10,3,59,1.0,0,1.0,1.0
10,10,3,60,1.0,0,1.0,1.0
10,10,3,61,1.0,0,1.0,1.0
10,10,3,62,1.0,0,1.0,1.0
10,10,3,63,1.0,0,1.0,1.0
10,10,3,64,1.0,0,1.0,1.0
10,10,3,65,1.0,0,1.0,1.0
10,10,3,66,1.0,0,1.0,1.0
10,10,3,67,1.0,0,1.0,1.0
10,10,3,68,1.0,0,1.0,1.0
10,10,3,69,1.0,0,1.0,1.0
10,10,3,70,1.0,0,1.0,1.0
10,10,3,71,1.0,0,1.0,1.0
10,10,3,72,1.0,0,1.0,1.0
10,10,3,73,1.0,0,1.0,1.0
10,10,3,74,1.0,0,1.0,1.0
10,10,3,75,1.0,0,1.0,1.0
10,10,3,76,1.0,0,1.0,1.0
10,10,3,77,1.0,0,1.0,1.0
10,10,3,78,1.0,0,1.0,1.0
10,10,3,79,1.0,0,1.0,1.0
10,10,3,80,1.0,0,1.0,1.0
10,10,3,81,1.0,0,1.0,1.0
10,10,3,82,1.0,0,1.0,1.0
10,10,3,83,1.0,0,1.0,1.0
10,10,3,84,1.0,0,1.0,1.0
10,10,3,85,1.0,0,1.0,1.0
10,10,3,86,1.0,0,1.0,1.0
10,10,3,87,1.0,0,1.0,1.0
10,10,3,88,1.0,0,1.0,1.0
10,10,3,89,1.0,0,1.0,1.0
10,10,3,90,1.0,0,1.0,1.0
10,10,3,91,1.0,0,1.0,1.0
10,10,3,92,1.0,0,1.0,1.0
10,10,3,93,1.0,0,1.0,1.0
10,10,3,94,1.0,0,1.0,1.0
10,10,3,95,1.0,0,1.0,1.0
10,10,3,96,1.0,0,1.0,1.0
10,10,3,97,1.0,0,1.0,1.0
10,10,3,98,1.0,0,1.0,1.0
10,10,3,99,1.0,0,1.0,1.0
10,10,5,0,1.0,0,1.0,1.0
10,10,5,1,1.0,0,1.0,1.0
10,10,5,2,1.0,0,1.0,1.0
10,10,5,3,1.3333333333333333,0,1.3333333333333333,1.3333333333333333
10,10,5,4,1.0,0,1.0,1.0
10,10,5,5,1.0,0,1.0,1.0
10,10,5,6,2.0,0,2.0,2.0
10,10,5,7,1.0,0,1.0,1.0
10,10,5,8,1.0,0,1.0,1.0
10,10,5,9,1.0,0,1.0,1.0
10,10,5,10,1.0,0,1.0,1.0
10,10,5,11,1.0,0,1.0,1.0
10,10,5,12,2.0,0,2.0,2.0
10,10,5,13,1.0,0,1.0,1.0
10,10,5,14,1.0,0,1.0,1.0
10,10,5,15,2.0,0,2.0,2.0
10,10,5,16,1.0,0,1.0,1.0
10,10,5,17,1.0,0,1.0,1.0
10,10,5,18,2.0,0,2.0,2.0
10,10,5,19,1.0,0,1.0,1.0
10,10,5,20,1.0,0,1.0,1.0
10,10,5,21,2.0,0,2.0,2.0
10,10,5,22,2.0,0,2.0,2.0
10,10,5,23,2.0,0,2.0,2.0
10,10,5,24,2.0,0,2.0,2.0
10,10,5,25,1.0,0,1.0,1.0
10,10,5,26,1.0,0,1.0,1.0
10,10,5,27,1.0,0,1.0,1.0
10,10,5,28,1.0,0,1.0,1.0
10,10,5,29,2.0,0,2.0,2.0
10,10,5,30,2.0,0,2.0,2.0
10,10,5,31,2.0,0,2.0,2.0
10,10,5,32,1.0,0,1.0,1.0
10,10,5,33,1.0,0,1.0,1.0
10,10,5,34,1.0,0,1.0,1.0
10,10,5,35,1.0,0,1.0,1.0
10,10,5,36,2.0,0,2.0,2.0
10,10,5,37,2.0,0,2.0,2.0
10,10,5,38,2.0,0,2.0,2.0
10,10,5,39,1.0,0,1.0,1.0
10,10,5,40,2.0,0,2.0,2.0
10,10,5,41,2.0,0,2.0,2.0
10,10,5,42,1.0,0,1.0,1.0
10,10,5,43,2.0,0,2.0,2.0
10,10,5,44,2.0,0,2.0,2.0
10,10,5,45,1.0,0,1.0,1.0
10,10,5,46,1.0,0,1.0,1.0
10,10,5,47,1.0,0,1.0,1.0
10,10,5,48,1.0,0,1.0,1.0
10,10,5,49,1.0,0,1.0,1.0
10,10,5,50,1.0,0,1.0,1.0
10,10,5,51,1.0,0,1.0,1.0
10,10,5,52,1.0,0,1.0,1.0
10,10,5,53,1.0,0,1.0,1.0
10,10,5,54,2.0,0,2.0,2.0
10,10,5,55,1.0,0,1.0,1.0
10,10,5,56,1.0,0,1.0,1.0
10,10,5,57,2.0,0,2.0,2.0
10,10,5,58,2.0,0,2.0,2.0
10,10,5,59,1.0,0,1.0,1.0
10,10,5,60,1.0,0,1.0,1.0
10,10,5,61,1.0,0,1.0,1.0
10,10,5,62,2.0,0,2.0,2.0
10,10,5,63,2.0,0,2.0,2.0
10,10,5,64,2.0,0,2.0,2.0
10,10,5,65,1.0,0,1.0,1.0
10,10,5,66,2.0,0,2.0,2.0
10,10,5,67,2.0,0,2.0,2.0
10,10,5,68,1.0,0,1.0,1.0
10,10,5,69,1.0,0,1.0,1.0
10,10,5,70,2.0,0,2.0,2.0
10,10,5,71,2.0,0,2.0,2.0
10,10,5,72,2.0,0,2.0,2.0
10,10,5,73,1.0,0,1.0,1.0
10,10,5,74,1.0,0,1.0,1.0
10,10,5,75,2.0,0,2.0,2.0
10,10,5,76,2.0,0,2.0,2.0
10,10,5,77,1.0,0,1.0,1.0
10,10,5,78,2.0,0,2.0,2.0
10,10,5,79,2.0,0,2.0,2.0
10,10,5,80,2.0,0,2.0,2.0
10,10,5,81,1.0,0,1.0,1.0
10,10,5,82,2.0,0,2.0,2.0
10,10,5,83,2.0,0,2.0,2.0
10,10,5,84,1.0,0,1.0,1.0
10,10,5,85,2.0,0,2.0,2.0
10,10,5,86,1.0,0,1.0,1.0
10,10,5,87,2.0,0,2.0,2.0
10,10,5,88,1.0,0,1.0,1.0
10,10,5,89,1.0,0,1.0,1.0
10,10,5,90,2.0,0,2.0,2.0
10,10,5,91,2.0,0,2.0,2.0
10,10,5,92,1.0,0,1.0,1.0
10,10,5,93,1.0,0,1.0,1.0
10,10,5,94,2.0,0,2.0,2.0
10,10,5,95,1.0,0,1.0,1.0
10,10,5,96,1.0,0,1.0,1.0
10,10,5,97,2.0,0,2.0,2.0
10,10,5,98,1.0,0,1.0,1.0
10,10,5,99,1.0,0,1.0,1.0
10,10,7,0,1.0,0,1.0,1.0
10,10,7,1,1.0,0,1.0,1.0
10,10,7,2,1.0,0,1.0,1.0
10,10,7,3,1.0,0,1.0,1.0
10,10,7,4,1.0,0,1.0,1.0
10,10,7,5,2.0,0,2.0,2.0
10,10,7,6,2.0,0,2.0,2.0
10,10,7,7,1.0,0,1.0,1.0
10,10,7,8,1.0,0,1.0,1.0
10,10,7,9,2.0,0,2.0,2.0
10,10,7,10,1.0,0,1.0,1.0
10,10,7,11,1.0,0,1.0,1.0
10,10,7,12,2.0,0,2.0,2.0
10,10,7,13,1.0,0,1.0,1.0
10,10,7,14,1.0,0,1.0,1.0
10,10,7,15,2.0,0,2.0,2.0
10,10,7,16,1.0,0,1.0,1.0
10,10,7,17,1.0,0,1.0,1.0
10,10,7,18,1.0,0,1.0,1.0
10,10,7,19,1.0,0,1.0,1.0
10,10,7,20,2.0,0,2.0,2.0
10,10,7,21,1.0,0,1.0,1.0
10,10,7,22,1.0,0,1.0,1.0
10,10,7,23,1.0,0,1.0,1.0
10,10,7,24,2.0,0,2.0,2.0
10,10,7,25,1.0,0,1.0,1.0
10,10,7,26,2.0,0,2.0,2.0
10,10,7,27,1.0,0,1.0,1.0
10,10,7,28,1.0,0,1.0,1.0
10,10,7,29,1.0,0,1.0,1.0
10,10,7,30,2.0,0,2.0,2.0
10,10,7,31,1.0,0,1.0,1.0
10,10,7,32,1.0,0,1.0,1.0
10,10,7,33,1.0,0,1.0,1.0
10,10,7,34,2.0,0,2.0,2.0
10,10,7,35,1.0,0,1.0,1.0
10,10,7,36,2.0,0,2.0,2.0
10,10,7,37,1.0,0,1.0,1.0
10,10,7,38,2.0,0,2.0,2.0
10,10,7,39,2.0,0,2.0,2.0
10,10,7,40,2.0,0,2.0,2.0
10,10,7,41,1.0,0,1.0,1.0
10,10,7,42,2.0,0,2.0,2.0
10,10,7,43,1.0,0,1.0,1.0
10,10,7,44,1.0,0,1.0,1.0
10,10,7,45,1.0,0,1.0,1.0
10,10,7,46,1.0,0,1.0,1.0
10,10,7,47,1.0,0,1.0,1.0
10,10,7,48,1.0,0,1.0,1.0
10,10,7,49,2.0,0,2.0,2.0
10,10,7,50,1.0,0,1.0,1.0
10,10,7,51,2.0,0,2.0,2.0
10,10,7,52,1.0,0,1.0,1.0
10,10,7,53,1.0,0,1.0,1.0
10,10,7,54,1.0,0,1.0,1.0
10,10,7,55,1.0,0,1.0,1.0
10,10,7,56,2.0,0,2.0,2.0
10,10,7,57,1.0,0,1.0,1.0
10,10,7,58,2.0,0,2.0,2.0
10,10,7,59,1.0,0,1.0,1.0
10,10,7,60,1.0,0,1.0,1.0
10,10,7,61,2.0,0,2.0,2.0
10,10,7,62,1.0,0,1.0,1.0
10,10,7,63,1.0,0,1.0,1.0
10,10,7,64,1.0,0,1.0,1.0
10,10,7,65,1.0,0,1.0,1.0
10,10,7,66,1.0,0,1.0,1.0
10,10,7,67,2.0,0,2.0,2.0
10,10,7,68,1.0,0,1.0,1.0
10,10,7,69,2.0,0,2.0,2.0
10,10,7,70,1.0,0,1.0,1.0
10,10,7,71,1.0,0,1.0,1.0
10,10,7,72,1.0,0,1.0,1.0
10,10,7,73,2.0,0,2.0,2.0
10,10,7,74,2.0,0,2.0,2.0
10,10,7,75,1.0,0,1.0,1.0
10,10,7,76,1.0,0,1.0,1.0
10,10,7,77,1.0,0,1.0,1.0
10,10,7,78,1.0,0,1.0,1.0
10,10,7,79,2.0,0,2.0,2.0
10,10,7,80,1.0,0,1.0,1.0
10,10,7,81,1.0,0,1.0,1.0
10,10,7,82,1.0,0,1.0,1.0
10,10,7,83,1.0,0,1.0,1.0
10,10,7,84,1.0,0,1.0,1.0
10,10,7,85,1.0,0,1.0,1.0
10,10,7,86,1.0,0,1.0,1.0
10,10,7,87,1.0,0,1.0,1.0
10,10,7,88,1.0,0,1.0,1.0
10,10,7,89,2.0,0,2.0,2.0
10,10,7,90,2.0,0,2.0,2.0
10,10,7,91,1.0,0,1.0,1.0
10,10,7,92,1.0,0,1.0,1.0
10,10,7,93,1.0,0,1.0,1.0
10,10,7,94,1.0,0,1.0,1.0
10,10,7,95,2.0,0,2.0,2.0
10,10,7,96,2.0,0,2.0,2.0
10,10,7,97,1.0,0,1.0,1.0
10,10,7,98,2.0,0,2.0,2.0
10,10,7,99,2.0,0,2.0,2.0
10,10,9,0,2.0,0,2.0,2.0
10,10,9,1,3.0,0,3.0,3.0
10,10,9,2,3.0,0,3.0,3.0
10,10,9,3,1.5,0,1.5,1.5
10,10,9,4,1.0,0,1.0,1.0
10,10,9,5,2.0,0,2.0,2.0
10,10,9,6,2.0,0,2.0,2.0
10,10,9,7,1.0,0,1.0,1.0
10,10,9,8,1.0,0,1.0,1.0
10,10,9,9,1.5,0,1.5,1.5
10,10,9,10,2.0,0,2.0,2.0
10,10,9,11,1.0,0,1.0,1.0
10,10,9,12,1.0,0,1.0,1.0
10,10,9,13,2.0,0,2.0,2.0
10,10,9,14,1.0,0,1.0,1.0
10,10,9,15,1.0,0,1.0,1.0
10,10,9,16,1.0,0,1.0,1.0
10,10,9,17,1.0,0,1.0,1.0
10,10,9,18,1.5,0,1.5,1.5
10,10,9,19,1.0,0,1.0,1.0
10,10,9,20,1.0,0,1.0,1.0
10,10,9,21,1.5,0,1.5,1.5
10,10,9,22,1.0,0,1.0,1.0
10,10,9,23,1.0,0,1.0,1.0
10,10,9,24,1.0,0,1.0,1.0
10,10,9,25,2.0,0,2.0,2.0
10,10,9,26,1.0,0,1.0,1.0
10,10,9,27,3.0,0,3.0,3.0
10,10,9,28,1.5,0,1.5,1.5
10,10,9,29,1.0,0,1.0,1.0
10,10,9,30,1.0,0,1.0,1.0
10,10,9,31,1.0,0,1.0,1.0
10,10,9,32,2.0,0,2.0,2.0
10,10,9,33,1.0,0,1.0,1.0
10,10,9,34,1.0,0,1.0,1.0
10,10,9,35,1.0,0,1.0,1.0
10,10,9,36,2.0,0,2.0,2.0
10,10,9,37,1.0,0,1.0,1.0
10,10,9,38,1.0,0,1.0,1.0
10,10,9,39,2.0,0,2.0,2.0
10,10,9,40,3.0,0,3.0,3.0
10,10,9,41,1.5,0,1.5,1.5
10,10,9,42,2.0,0,2.0,2.0
10,10,9,43,1.0,0,1.0,1.0
10,10,9,44,1.0,0,1.0,1.0
10,10,9,45,1.0,0,1.0,1.0
10,10,9,46,1.0,0,1.0,1.0
10,10,9,47,1.0,0,1.0,1.0
10,10,9,48,3.0,0,3.0,3.0
10,10,9,49,1.0,0,1.0,1.0
10,10,9,50,1.0,0,1.0,1.0
10,10,9,51,3.0,0,3.0,3.0
10,10,9,52,1.0,0,1.0,1.0
10,10,9,53,1.5,0,1.5,1.5
10,10,9,54,1.0,0,1.0,1.0
10,10,9,55,1.0,0,1.0,1.0
10,10,9,56,1.0,0,1.0,1.0
10,10,9,57,1.0,0,1.0,1.0
10,10,9,58,2.0,0,2.0,2.0
10,10,9,59,1.0,0,1.0,1.0
10,10,9,60,1.0,0,1.0,1.0
10,10,9,61,1.0,0,1.0,1.0
10,10,9,62,3.0,0,3.0,3.0
10,10,9,63,1.0,0,1.0,1.0
10,10,9,64,1.0,0,1.0,1.0
10,10,9,65,1.0,0,1.0,1.0
10,10,9,66,2.0,0,2.0,2.0
10,10,9,67,2.25,0,2.25,2.25
10,10,9,68,3.0,0,3.0,3.0
10,10,9,69,1.0,0,1.0,1.0
10,10,9,70,2.0,0,2.0,2.0
10,10,9,71,1.0,0,1.0,1.0
10,10,9,72,2.0,0,2.0,2.0
10,10,9,73,2.0,0,2.0,2.0
10,10,9,74,1.0,0,1.0,1.0
10,10,9,75,2.0,0,2.0,2.0
10,10,9,76,1.0,0,1.0,1.0
10,10,9,77,3.0,0,3.0,3.0
10,10,9,78,1.0,0,1.0,1.0
10,10,9,79,1.0,0,1.0,1.0
10,10,9,80,1.0,0,1.0,1.0
10,10,9,81,1.0,0,1.0,1.0
10,10,9,82,1.5,0,1.5,1.5
10,10,9,83,1.0,0,1.0,1.0
10,10,9,84,1.0,0,1.0,1.0
10,10,9,85,2.0,0,2.0,2.0
10,10,9,86,1.5,0,1.5,1.5
10,10,9,87,1.0,0,1.0,1.0
10,10,9,88,1.0,0,1.0,1.0
10,10,9,89,1.5,0,1.5,1.5
10,10,9,90,1.0,0,1.0,1.0
10,10,9,91,1.0,0,1.0,1.0
10,10,9,92,1.0,0,1.0,1.0
10,10,9,93,1.0,0,1.0,1.0
10,10,9,94,1.0,0,1.0,1.0
10,10,9,95,2.0,0,2.0,2.0
10,10,9,96,1.0,0,1.0,1.0
10,10,9,97,1.5,0,1.5,1.5
10,10,9,98,2.0,0,2.0,2.0
10,10,9,99,1.0,0,1.0,1.0
10,10,13,0,3.0,0,3.0,3.0
10,10,13,1,2.5,0,2.5,2.5
10,10,13,2,1.5,0,1.5,1.5
10,10,13,3,1.0,0,1.0,1.0
10,10,13,4,1.0,0,1.0,1.0
10,10,13,5,2.0,0,2.0,2.0
10,10,13,6,2.0,0,2.0,2.0
10,10,13,7,2.0,0,2.0,2.0
10,10,13,8,1.0,0,1.0,1.0
10,10,13,9,1.5,0,1.5,1.5
10,10,13,10,2.0,0,2.0,2.0
10,10,13,11,1.0,0,1.0,1.0
10,10,13,12,1.0,0,1.0,1.0
10,10,13,13,3.0,0,3.0,3.0
10,10,13,14,1.0,0,1.0,1.0
10,10,13,15,1.0,0,1.0,1.0
10,10,13,16,2.0,0,2.0,2.0
10,10,13,17,2.0,0,2.0,2.0
10,10,13,18,1.0,0,1.0,1.0
10,10,13,19,1.0,0,1.0,1.0
10,10,13,20,2.0,0,2.0,2.0
10,10,13,21,1.0,0,1.0,1.0
10,10,13,22,3.0,0,3.0,3.0
10,10,13,23,1.0,0,1.0,1.0
10,10,13,24,2.0,0,2.0,2.0
10,10,13,25,1.0,0,1.0,1.0
10,10,13,26,1.0,0,1.0,1.0
10,10,13,27,1.0,0,1.0,1.0
10,10,13,28,2.0,0,2.0,2.0
10,10,13,29,2.0,0,2.0,2.0
10,10,13,30,1.0,0,1.0,1.0
10,10,13,31,1.0,0,1.0,1.0
10,10,13,32,1.0,0,1.0,1.0
10,10,13,33,1.0,0,1.0,1.0
10,10,13,34,1.0,0,1.0,1.0
10,10,13,35,3.0,0,3.0,3.0
10,10,13,36,1.0,0,1.0,1.0
10,10,13,37,1.0,0,1.0,1.0
10,10,13,38,1.0,0,1.0,1.0
10,10,13,39,3.0,0,3.0,3.0
10,10,13,40,3.0,0,3.0,3.0
10,10,13,41,1.0,0,1.0,1.0
10,10,13,42,3.0,0,3.0,3.0
10,10,13,43,1.0,0,1.0,1.0
10,10,13,44,1.0,0,1.0,1.0
10,10,13,45,1.0,0,1.0,1.0
10,10,13,46,1.0,0,1.0,1.0
10,10,13,47,1.5,0,1.5,1.5
10,10,13,48,1.0,0,1.0,1.0
10,10,13,49,1.5,0,1.5,1.5
10,10,13,50,3.0,0,3.0,3.0
10,10,13,51,2.0,0,2.0,2.0
10,10,13,52,3.0,0,3.0,3.0
10,10,13,53,2.0,0,2.0,2.0
10,10,13,54,1.0,0,1.0,1.0
10,10,13,55,1.0,0,1.0,1.0
10,10,13,56,1.0,0,1.0,1.0
10,10,13,57,1.0,0,1.0,1.0
10,10,13,58,1.0,0,1.0,1.0
10,10,13,59,2.0,0,2.0,2.0
10,10,13,60,1.0,0,1.0,1.0
10,10,13,61,1.0,0,1.0,1.0
10,10,13,62,3.0,0,3.0,3.0
10,10,13,63,1.0,0,1.0,1.0
10,10,13,64,1.0,0,1.0,1.0
10,10,13,65,3.0,0,3.0,3.0
10,10,13,66,1.0,0,1.0,1.0
10,10,13,67,1.0,0,1.0,1.0
10,10,13,68,1.5,0,1.5,1.5
10,10,13,69,3.0,0,3.0,3.0
10,10,13,70,1.0,0,1.0,1.0
10,10,13,71,1.0,0,1.0,1.0
10,10,13,72,3.0,0,3.0,3.0
10,10,13,73,1.0,0,1.0,1.0
10,10,13,74,1.0,0,1.0,1.0
10,10,13,75,1.0,0,1.0,1.0
10,10,13,76,1.0,0,1.0,1.0
10,10,13,77,1.0,0,1.0,1.0
10,10,13,78,1.0,0,1.0,1.0
10,10,13,79,1.0,0,1.0,1.0
10,10,13,80,1.0,0,1.0,1.0
10,10,13,81,1.0,0,1.0,1.0
10,10,13,82,1.0,0,1.0,1.0
10,10,13,83,1.0,0,1.0,1.0
10,10,13,84,1.75,0,1.75,1.75
10,10,13,85,2.0,0,2.0,2.0
10,10,13,86,1.0,0,1.0,1.0
10,10,13,87,1.5,0,1.5,1.5
10,10,13,88,1.0,0,1.0,1.0
10,10,13,89,1.0,0,1.0,1.0
10,10,13,90,1.0,0,1.0,1.0
10,10,13,91,1.0,0,1.0,1.0
10,10,13,92,1.0,0,1.0,1.0
10,10,13,93,1.0,0,1.0,1.0
10,10,13,94,1.0,0,1.0,1.0
10,10,13,95,1.5,0,1.5,1.5
10,10,13,96,3.0,0,3.0,3.0
10,10,13,97,2.75,0,2.75,2.75
10,10,13,98,3.0,0,3.0,3.0
10,10,13,99,1.0,0,1.0,1.0
10,10,19,0,2.0,0,2.0,2.0
10,10,19,1,2.0,0,2.0,2.0
10,10,19,2,4.0,0,4.0,4.0
10,10,19,3,1.0,0,1.0,1.0
10,10,19,4,1.0,0,1.0,1.0
10,10,19,5,1.0,0,1.0,1.0
10,10,19,6,1.0,0,1.0,1.0
10,10,19,7,3.0,0,3.0,3.0
10,10,19,8,1.0,0,1.0,1.0
10,10,19,9,1.0,0,1.0,1.0
10,10,19,10,1.0,0,1.0,1.0
10,10,19,11,1.5,0,1.5,1.5
10,10,19,12,1.0,0,1.0,1.0
10,10,19,13,1.0,0,1.0,1.0
10,10,19,14,2.0,0,2.0,2.0
10,10,19,15,2.0,0,2.0,2.0
10,10,19,16,1.0,0,1.0,1.0
10,10,19,17,2.0,0,2.0,2.0
10,10,19,18,2.6,0,2.6,2.6
10,10,19,19,1.0,0,1.0,1.0
10,10,19,20,4.0,0,4.0,4.0
10,10,19,21,1.0,0,1.0,1.0
10,10,19,22,1.0,0,1.0,1.0
10,10,19,23,1.3333333333333333,0,1.3333333333333333,1.3333333333333333
10,10,19,24,1.0,0,1.0,1.0
10,10,19,25,1.0,0,1.0,1.0
10,10,19,26,1.0,0,1.0,1.0
10,10,19,27,1.0,0,1.0,1.0
10,10,19,28,1.0,0,1.0,1.0
10,10,19,29,1.0,0,1.0,1.0
10,10,19,30,3.0,0,3.0,3.0
10,10,19,31,2.0,0,2.0,2.0
10,10,19,32,1.0,0,1.0,1.0
10,10,19,33,1.0,0,1.0,1.0
10,10,19,34,3.0,0,3.0,3.0
10,10,19,35,3.0,0,3.0,3.0
10,10,19,36,1.0,0,1.0,1.0
10,10,19,37,1.0,0,1.0,1.0
10,10,19,38,2.0,0,2.0,2.0
10,10,19,39,1.0,0,1.0,1.0
10,10,19,40,2.0,0,2.0,2.0
10,10,19,41,1.0,0,1.0,1.0
10,10,19,42,1.8571428571428572,0,1.8571428571428572,1.8571428571428572
10,10,19,43,2.4,0,2.4,2.4
10,10,19,44,2.0,0,2.0,2.0
10,10,19,45,2.0,0,2.0,2.0
10,10,19,46,4.0,0,4.0,4.0
10,10,19,47,1.0,0,1.0,1.0
10,10,19,48,1.4,0,1.4,1.4
10,10,19,49,1.0,0,1.0,1.0
10,10,19,50,1.0,0,1.0,1.0
10,10,19,51,1.5,0,1.5,1.5
10,10,19,52,4.0,0,4.0,4.0
10,10,19,53,1.0,0,1.0,1.0
10,10,19,54,1.0,0,1.0,1.0
10,10,19,55,3.0,0,3.0,3.0
10,10,19,56,3.8,0,3.8,3.8
10,10,19,57,1.0,0,1.0,1.0
10,10,19,58,1.0,0,1.0,1.0
10,10,19,59,1.3333333333333333,0,1.3333333333333333,1.3333333333333333
10,10,19,60,1.0,0,1.0,1.0
10,10,19,61,1.0,0,1.0,1.0
10,10,19,62,4.0,0,4.0,4.0
10,10,19,63,1.0,0,1.0,1.0
10,10,19,64,1.0,0,1.0,1.0
10,10,19,65,2.0,0,2.0,2.0
10,10,19,66,1.0,0,1.0,1.0
10,10,19,67,1.0,0,1.0,1.0
10,10,19,68,1.0,0,1.0,1.0
10,10,19,69,1.0,0,1.0,1.0
10,10,19,70,2.0,0,2.0,2.0
10,10,19,71,1.0,0,1.0,1.0
10,10,19,72,1.0,0,1.0,1.0
10,10,19,73,1.0,0,1.0,1.0
10,10,19,74,1.0,0,1.0,1.0
10,10,19,75,1.0,0,1.0,1.0
10,10,19,76,1.0,0,1.0,1.0
10,10,19,77,1.5,0,1.5,1.5
10,10,19,78,1.0,0,1.0,1.0
10,10,19,79,1.0,0,1.0,1.0
10,10,19,80,1.0,0,1.0,1.0
10,10,19,81,1.0,0,1.0,1.0
10,10,19,82,2.0,0,2.0,2.0
10,10,19,83,1.0,0,1.0,1.0
10,10,19,84,1.0,0,1.0,1.0
10,10,19,85,1.0,0,1.0,1.0
10,10,19,86,1.0,0,1.0,1.0
10,10,19,87,4.0,0,4.0,4.0
10,10,19,88,1.5,0,1.5,1.5
10,10,19,89,1.0,0,1.0,1.0
10,10,19,90,1.3333333333333333,0,1.3333333333333333,1.3333333333333333
10,10,19,91,1.0,0,1.0,1.0
10,10,19,92,1.0,0,1.0,1.0
10,10,19,93,1.0,0,1.0,1.0
10,10,19,94,1.0,0,1.0,1.0
10,10,19,95,1.0,0,1.0,1.0
10,10,19,96,3.2,0,3.2,3.2
10,10,19,97,2.5,0,2.5,2.5
10,10,19,98,1.0,0,1.0,1.0
10,10,19,99,1.0,0,1.0,1.0
10,10,26,0,1.0,0,1.0,1.0
10,10,26,1,1.0,0,1.0,1.0
10,10,26,2,1.0,0,1.0,1.0
10,10,26,3,5.0,0,5.0,5.0
10,10,26,4,4.166666666666667,0,4.166666666666667,4.166666666666667
10,10,26,5,1.0,0,1.0,1.0
10,10,26,6,1.0,0,1.0,1.0
10,10,26,7,1.0,0,1.0,1.0
10,10,26,8,1.0,0,1.0,1.0
10,10,26,9,1.0,0,1.0,1.0
10,10,26,10,2.0,0,2.0,2.0
10,10,26,11,1.0,0,1.0,1.0
10,10,26,12,1.25,0,1.25,1.25
10,10,26,13,1.0,0,1.0,1.0
10,10,26,14,1.0,0,1.0,1.0
10,10,26,15,2.0,0,2.0,2.0
10,10,26,16,1.0,0,1.0,1.0
10,10,26,17,1.0,0,1.0,1.0
10,10,26,18,1.0,0,1.0,1.0
10,10,26,19,1.0,0,1.0,1.0
10,10,26,20,1.6666666666666667,0,1.6666666666666667,1.6666666666666667
10,10,26,21,1.0,0,1.0,1.0
10,10,26,22,2.5,0,2.5,2.5
10,10,26,23,1.8,0,1.8,1.8
10,10,26,24,1.5,0,1.5,1.5
10,10,26,25,1.0,0,1.0,1.0
10,10,26,26,1.0,0,1.0,1.0
10,10,26,27,1.0,0,1.0,1.0
10,10,26,28,1.0,0,1.0,1.0
10,10,26,29,1.0,0,1.0,1.0
10,10,26,30,4.0,0,4.0,4.0
10,10,26,31,1.0,0,1.0,1.0
10,10,26,32,1.0,0,1.0,1.0
10,10,26,33,1.0,0,1.0,1.0
10,10,26,34,1.0,0,1.0,1.0
10,10,26,35,4.0,0,4.0,4.0
10,10,26,36,1.0,0,1.0,1.0
10,10,26,37,2.090909090909091,0,2.090909090909091,2.090909090909091
10,10,26,38,1.0,0,1.0,1.0
10,10,26,39,1.0,0,1.0,1.0
10,10,26,40,1.0,0,1.0,1.0
10,10,26,41,1.0,0,1.0,1.0
10,10,26,42,1.0,0,1.0,1.0
10,10,26,43,1.0,0,1.0,1.0
10,10,26,44,4.0,0,4.0,4.0
10,10,26,45,1.0,0,1.0,1.0
10,10,26,46,1.0,0,1.0,1.0
10,10,26,47,1.0,0,1.0,1.0
10,10,26,48,1.0,0,1.0,1.0
10,10,26,49,2.5,0,2.5,2.5
10,10,26,50,1.0,0,1.0,1.0
10,10,26,51,2.0,0,2.0,2.0
10,10,26,52,1.0,0,1.0,1.0
10,10,26,53,1.0,0,1.0,1.0
10,10,26,54,2.0,0,2.0,2.0
10,10,26,55,1.5,0,1.5,1.5
10,10,26,56,1.0,0,1.0,1.0
10,10,26,57,4.0,0,4.0,4.0
10,10,26,58,1.6666666666666667,0,1.6666666666666667,1.6666666666666667
10,10,26,59,1.6363636363636365,0,1.6363636363636365,1.6363636363636365
10,10,26,60,1.0,0,1.0,1.0
10,10,26,61,1.0,0,1.0,1.0
10,10,26,62,1.0,0,1.0,1.0
10,10,26,63,1.0,0,1.0,1.0
10,10,26,64,1.1111111111111112,0,1.1111111111111112,1.1111111111111112
10,10,26,65,1.0,0,1.0,1.0
10,10,26,66,3.0,0,3.0,3.0
10,10,26,67,1.3333333333333333,0,1.3333333333333333,1.3333333333333333
10,10,26,68,2.5,0,2.5,2.5
10,10,26,69,1.0,0,1.0,1.0
10,10,26,70,1.0,0,1.0,1.0
10,10,26,71,1.0,0,1.0,1.0
10,10,26,72,1.0,0,1.0,1.0
10,10,26,73,2.5714285714285716,0,2.5714285714285716,2.5714285714285716
10,10,26,74,1.0,0,1.0,1.0
10,10,26,75,1.0,0,1.0,1.0
10,10,26,76,1.0,0,1.0,1.0
10,10,26,77,1.0,0,1.0,1.0
10,10,26,78,4.0,0,4.0,4.0
10,10,26,79,3.0,0,3.0,3.0
10,10,26,80,1.25,0,1.25,1.25
10,10,26,81,1.0,0,1.0,1.0
10,10,26,82,1.6666666666666667,0,1.6666666666666667,1.6666666666666667
10,10,26,83,2.0,0,2.0,2.0
10,10,26,84,1.0,0,1.0,1.0
10,10,26,85,1.0,0,1.0,1.0
10,10,26,86,1.0,0,1.0,1.0
10,10,26,87,3.0,0,3.0,3.0
10,10,26,88,1.0,0,1.0,1.0
10,10,26,89,1.0,0,1.0,1.0
10,10,26,90,3.0,0,3.0,3.0
10,10,26,91,1.0,0,1.0,1.0
10,10,26,92,1.0,0,1.0,1.0
10,10,26,93,1.0,0,1.0,1.0
10,10,26,94,4.0,0,4.0,4.0
10,10,26,95,2.0,0,2.0,2.0
10,10,26,96,1.0,0,1.0,1.0
10,10,26,97,4.0,0,4.0,4.0
10,10,26,98,1.0,0,1.0,1.0
10,10,26,99,3.8333333333333335,0,3.8333333333333335,3.8333333333333335
10,10,37,0,1.75,0,1.75,1.75
10,10,37,1,1.0,0,1.0,1.0
10,10,37,2,1.0,0,1.0,1.0
10,10,37,3,1.0,0,1.0,1.0
10,10,37,4,4.571428571428571,0,4.571428571428571,4.571428571428571
10,10,37,5,1.0,0,1.0,1.0
10,10,37,6,2.0,0,2.0,2.0
10,10,37,7,1.0,0,1.0,1.0
10,10,37,8,5.0,0,5.0,5.0
10,10,37,9,1.0,0,1.0,1.0
10,10,37,10,3.0,0,3.0,3.0
10,10,37,11,1.0,0,1.0,1.0
10,10,37,12,1.3333333333333333,0,1.3333333333333333,1.3333333333333333
10,10,37,13,2.4285714285714284,0,2.4285714285714284,2.4285714285714284
10,10,37,14,1.0,0,1.0,1.0
10,10,37,15,1.0,0,1.0,1.0
10,10,37,16,1.0,0,1.0,1.0
10,10,37,17,5.0,0,5.0,5.0
10,10,37,18,2.0,0,2.0,2.0
10,10,37,19,1.5,0,1.5,1.5
10,10,37,20,1.0,0,1.0,1.0
10,10,37,21,1.0,0,1.0,1.0
10,10,37,22,1.0,0,1.0,1.0
10,10,37,23,1.0,0,1.0,1.0
10,10,37,24,1.0,0,1.0,1.0
10,10,37,25,1.0,0,1.0,1.0
10,10,37,26,2.0,0,2.0,2.0
10,10,37,27,1.0,0,1.0,1.0
10,10,37,28,1.0,0,1.0,1.0
10,10,37,29,2.0,0,2.0,2.0
10,10,37,30,1.2,0,1.2,1.2
10,10,37,31,4.0,0,4.0,4.0
10,10,37,32,1.5,0,1.5,1.5
10,10,37,33,1.0,0,1.0,1.0
10,10,37,34,1.0,0,1.0,1.0
10,10,37,35,4.571428571428571,0,4.571428571428571,4.571428571428571
10,10,37,36,2.125,0,2.125,2.125
10,10,37,37,1.0,0,1.0,1.0
10,10,37,38,1.0,0,1.0,1.0
10,10,37,39,1.0,0,1.0,1.0
10,10,37,40,1.0,0,1.0,1.0
10,10,37,41,2.5,0,2.5,2.5
10,10,37,42,2.8181818181818183,0,2.8181818181818183,2.8181818181818183
10,10,37,43,1.3333333333333333,0,1.3333333333333333,1.3333333333333333
10,10,37,44,1.0,0,1.0,1.0
10,10,37,45,1.0,0,1.0,1.0
10,10,37,46,1.5,0,1.5,1.5
10,10,37,47,2.0,0,2.0,2.0
10,10,37,48,2.7,0,2.7,2.7
10,10,37,49,3.125,0,3.125,3.125
10,10,37,50,1.5714285714285714,0,1.5714285714285714,1.5714285714285714
10,10,37,51,1.5,0,1.5,1.5
10,10,37,52,1.0,0,1.0,1.0
10,10,37,53,1.0,0,1.0,1.0
10,10,37,54,1.0,0,1.0,1.0
10,10,37,55,1.0,0,1.0,1.0
10,10,37,56,4.0,0,4.0,4.0
10,10,37,57,6.0,0,6.0,6.0
10,10,37,58,1.8888888888888888,0,1.8888888888888888,1.8888888888888888
10,10,37,59,1.0,0,1.0,1.0
10,10,37,60,1.0,0,1.0,1.0
10,10,37,61,3.6666666666666665,0,3.6666666666666665,3.6666666666666665
10,10,37,62,1.0,0,1.0,1.0
10,10,37,63,1.25,0,1.25,1.25
10,10,37,64,1.0,0,1.0,1.0
10,10,37,65,1.0,0,1.0,1.0
10,10,37,66,1.0,0,1.0,1.0
10,10,37,67,1.0,0,1.0,1.0
10,10,37,68,1.0,0,1.0,1.0
10,10,37,69,1.1818181818181819,0,1.1818181818181819,1.1818181818181819
10,10,37,70,1.0,0,1.0,1.0
10,10,37,71,1.0,0,1.0,1.0
10,10,37,72,1.0,0,1.0,1.0
10,10,37,73,1.0,0,1.0,1.0
10,10,37,74,3.0,0,3.0,3.0
10,10,37,75,1.3333333333333333,0,1.3333333333333333,1.3333333333333333
10,10,37,76,1.0,0,1.0,1.0
10,10,37,77,2.0,0,2.0,2.0
10,10,37,78,3.4285714285714284,0,3.4285714285714284,3.4285714285714284
10,10,37,79,2.642857142857143,0,2.642857142857143,2.642857142857143
10,10,37,80,1.0,0,1.0,1.0
10,10,37,81,1.0,0,1.0,1.0
10,10,37,82,5.0,0,5.0,5.0
10,10,37,83,1.0,0,1.0,1.0
10,10,37,84,3.0,0,3.0,3.0
10,10,37,85,3.0,0,3.0,3.0
10,10,37,86,1.0,0,1.0,1.0
10,10,37,87,1.0,0,1.0,1.0
10,10,37,88,1.0,0,1.0,1.0
10,10,37,89,1.0,0,1.0,1.0
10,10,37,90,1.0,0,1.0,1.0
10,10,37,91,1.0,0,1.0,1.0
10,10,37,92,1.0,0,1.0,1.0
10,10,37,93,4.0,0,4.0,4.0
10,10,37,94,1.0,0,1.0,1.0
10,10,37,95,1.0,0,1.0,1.0
10,10,37,96,1.0,0,1.0,1.0
10,10,37,97,2.5,0,2.5,2.5
10,10,37,98,1.3333333333333333,0,1.3333333333333333,1.3333333333333333
10,10,37,99,1.0,0,1.0,1.0
10,10,51,0,1.0,0,1.0,1.0
10,10,51,1,1.0,0,1.0,1.0
10,10,51,2,1.0,0,1.0,1.0
10,10,51,3,2.5,0,2.5,2.5
10,10,51,4,1.1666666666666667,0,1.1666666666666667,1.1666666666666667
10,10,51,5,1.0,0,1.0,1.0
10,10,51,6,1.0,0,1.0,1.0
10,10,51,7,7.0,0,7.0,7.0
10,10,51,8,1.0,0,1.0,1.0
10,10,51,9,1.0,0,1.0,1.0
10,10,51,10,1.0,0,1.0,1.0
10,10,51,11,1.0,0,1.0,1.0
10,10,51,12,1.0,0,1.0,1.0
10,10,51,13,1.0,0,1.0,1.0
10,10,51,14,1.0,0,1.0,1.0
10,10,51,15,1.0,0,1.0,1.0
10,10,51,16,1.0,0,1.0,1.0
10,10,51,17,1.3333333333333333,0,1.3333333333333333,1.3333333333333333
10,10,51,18,1.7692307692307692,0,1.7692307692307692,1.7692307692307692
10,10,51,19,3.0,0,3.0,3.0
10,10,51,20,1.0,0,1.0,1.0
10,10,51,21,1.0,0,1.0,1.0
10,10,51,22,7.0,0,7.0,7.0
10,10,51,23,1.0,0,1.0,1.0
10,10,51,24,4.888888888888889,0,4.888888888888889,4.888888888888889
10,10,51,25,1.0,0,1.0,1.0
10,10,51,26,1.368421052631579,0,1.368421052631579,1.368421052631579
10,10,51,27,2.090909090909091,0,2.090909090909091,2.090909090909091
10,10,51,28,1.0,0,1.0,1.0
10,10,51,29,5.0,0,5.0,5.0
10,10,51,30,1.0,0,1.0,1.0
10,10,51,31,4.111111111111111,0,4.111111111111111,4.111111111111111
10,10,51,32,3.909090909090909,0,3.909090909090909,3.909090909090909
10,10,51,33,1.0,0,1.0,1.0
10,10,51,34,7.0,0,7.0,7.0
10,10,51,35,3.4444444444444446,0,3.4444444444444446,3.4444444444444446
10,10,51,36,1.0,0,1.0,1.0
10,10,51,37,6.25,0,6.25,6.25
10,10,51,38,1.0,0,1.0,1.0
10,10,51,39,5.0,0,5.0,5.0
10,10,51,40,2.230769230769231,0,2.230769230769231,2.230769230769231
10,10,51,41,1.2666666666666666,0,1.2666666666666666,1.2666666666666666
10,10,51,42,4.2,0,4.2,4.2
10,10,51,43,1.0,0,1.0,1.0
10,10,51,44,2.9,0,2.9,2.9
10,10,51,45,1.0,0,1.0,1.0
10,10,51,46,1.0,0,1.0,1.0
10,10,51,47,1.0,0,1.0,1.0
10,10,51,48,3.066666666666667,0,3.066666666666667,3.066666666666667
10,10,51,49,1.0,0,1.0,1.0
10,10,51,50,1.0,0,1.0,1.0
10,10,51,51,1.0,0,1.0,1.0
10,10,51,52,1.0,0,1.0,1.0
10,10,51,53,1.0,0,1.0,1.0
10,10,51,54,1.8888888888888888,0,1.8888888888888888,1.8888888888888888
10,10,51,55,1.75,0,1.75,1.75
10,10,51,56,1.0,0,1.0,1.0
10,10,51,57,3.5555555555555554,0,3.5555555555555554,3.5555555555555554
10,10,51,58,1.0,0,1.0,1.0
10,10,51,59,5.0,0,5.0,5.0
10,10,51,60,1.0,0,1.0,1.0
10,10,51,61,1.0,0,1.0,1.0
10,10,51,62,1.6666666666666667,0,1.6666666666666667,1.6666666666666667
10,10,51,63,1.0,0,1.0,1.0
10,10,51,64,1.0,0,1.0,1.0
10,10,51,65,1.0,0,1.0,1.0
10,10,51,66,1.0,0,1.0,1.0
10,10,51,67,1.75,0,1.75,1.75
10,10,51,68,1.0,0,1.0,1.0
10,10,51,69,1.0,0,1.0,1.0
10,10,51,70,1.7692307692307692,0,1.7692307692307692,1.7692307692307692
10,10,51,71,1.5,0,1.5,1.5
10,10,51,72,1.0,0,1.0,1.0
10,10,51,73,1.0,0,1.0,1.0
10,10,51,74,4.0,0,4.0,4.0
10,10,51,75,1.0,0,1.0,1.0
10,10,51,76,5.0,0,5.0,5.0
10,10,51,77,1.0,0,1.0,1.0
10,10,51,78,1.0,0,1.0,1.0
10,10,51,79,1.75,0,1.75,1.75
10,10,51,80,1.0,0,1.0,1.0
10,10,51,81,1.0,0,1.0,1.0
10,10,51,82,1.0,0,1.0,1.0
10,10,51,83,1.2,0,1.2,1.2
10,10,51,84,1.0,0,1.0,1.0
10,10,51,85,5.0,0,5.0,5.0
10,10,51,86,1.0,0,1.0,1.0
10,10,51,87,1.0,0,1.0,1.0
10,10,51,88,1.0,0,1.0,1.0
10,10,51,89,2.5384615384615383,0,2.5384615384615383,2.5384615384615383
10,10,51,90,1.0,0,1.0,1.0
10,10,51,91,3.75,0,3.75,3.75
10,10,51,92,1.0,0,1.0,1.0
10,10,51,93,1.0,0,1.0,1.0
10,10,51,94,3.0,0,3.0,3.0
10,10,51,95,5.25,0,5.25,5.25
10,10,51,96,1.0,0,1.0,1.0
10,10,51,97,1.7083333333333333,0,1.7083333333333333,1.7083333333333333
10,10,51,98,1.0,0,1.0,1.0
10,10,51,99,3.0,0,3.0,3.0
10,10,71,0,1.0,0,1.0,1.0
10,10,71,1,2.3333333333333335,0,2.3333333333333335,2.3333333333333335
10,10,71,2,5.0,0,5.0,5.0
10,10,71,3,3.0,0,3.0,3.0
10,10,71,4,5.222222222222222,0,5.222222222222222,5.222222222222222
10,10,71,5,1.0,0,1.0,1.0
10,10,71,6,1.0,0,1.0,1.0
10,10,71,7,3.875,0,3.875,3.875
10,10,71,8,1.8571428571428572,0,1.8571428571428572,1.8571428571428572
10,10,71,9,1.0,0,1.0,1.0
10,10,71,10,4.0,0,4.0,4.0
10,10,71,11,5.1,0,5.1,5.1
10,10,71,12,1.0,0,1.0,1.0
10,10,71,13,1.0,0,1.0,1.0
10,10,71,14,4.0,0,4.0,4.0
10,10,71,15,8.0,0,8.0,8.0
10,10,71,16,2.5,0,2.5,2.5
10,10,71,17,1.0,0,1.0,1.0
10,10,71,18,1.0,0,1.0,1.0
10,10,71,19,1.0,0,1.0,1.0
10,10,71,20,2.0714285714285716,0,2.0714285714285716,2.0714285714285716
10,10,71,21,3.2666666666666666,0,3.2666666666666666,3.2666666666666666
10,10,71,22,4.1875,0,4.1875,4.1875
10,10,71,23,8.0,0,8.0,8.0
10,10,71,24,4.583333333333333,0,4.583333333333333,4.583333333333333
10,10,71,25,1.0,0,1.0,1.0
10,10,71,26,1.0,0,1.0,1.0
10,10,71,27,1.6363636363636365,0,1.6363636363636365,1.6363636363636365
10,10,71,28,5.0,0,5.0,5.0
10,10,71,29,1.0,0,1.0,1.0
10,10,71,30,5.888888888888889,0,5.888888888888889,5.888888888888889
10,10,71,31,1.4444444444444444,0,1.4444444444444444,1.4444444444444444
10,10,71,32,1.0,0,1.0,1.0
10,10,71,33,1.0,0,1.0,1.0
10,10,71,34,1.0,0,1.0,1.0
10,10,71,35,6.6,0,6.6,6.6
10,10,71,36,1.3333333333333333,0,1.3333333333333333,1.3333333333333333
10,10,71,37,1.0,0,1.0,1.0
10,10,71,38,1.0,0,1.0,1.0
10,10,71,39,2.0,0,2.0,2.0
10,10,71,40,5.2,0,5.2,5.2
10,10,71,41,1.0,0,1.0,1.0
10,10,71,42,6.0,0,6.0,6.0
10,10,71,43,2.4545454545454546,0,2.4545454545454546,2.4545454545454546
10,10,71,44,1.0,0,1.0,1.0
10,10,71,45,1.0,0,1.0,1.0
10,10,71,46,3.380952380952381,0,3.380952380952381,3.380952380952381
10,10,71,47,1.25,0,1.25,1.25
10,10,71,48,1.0,0,1.0,1.0
10,10,71,49,5.444444444444445,0,5.444444444444445,5.444444444444445
10,10,71,50,1.0,0,1.0,1.0
10,10,71,51,1.6470588235294117,0,1.6470588235294117,1.6470588235294117
10,10,71,52,2.933333333333333,0,2.933333333333333,2.933333333333333
10,10,71,53,3.0,0,3.0,3.0
10,10,71,54,5.545454545454546,0,5.545454545454546,5.545454545454546
10,10,71,55,1.0,0,1.0,1.0
10,10,71,56,1.0,0,1.0,1.0
10,10,71,57,2.6666666666666665,0,2.6666666666666665,2.6666666666666665
10,10,71,58,1.0,0,1.0,1.0
10,10,71,59,2.5555555555555554,0,2.5555555555555554,2.5555555555555554
10,10,71,60,6.0,0,6.0,6.0
10,10,71,61,1.0,0,1.0,1.0
10,10,71,62,1.0,0,1.0,1.0
10,10,71,63,1.0,0,1.0,1.0
10,10,71,64,1.0,0,1.0,1.0
10,10,71,65,2.1666666666666665,0,2.1666666666666665,2.1666666666666665
10,10,71,66,1.0,0,1.0,1.0
10,10,71,67,3.0,0,3.0,3.0
10,10,71,68,4.538461538461538,0,4.538461538461538,4.538461538461538
10,10,71,69,1.5,0,1.5,1.5
10,10,71,70,1.0,0,1.0,1.0
10,10,71,71,1.0,0,1.0,1.0
10,10,71,72,1.0,0,1.0,1.0
10,10,71,73,5.0,0,5.0,5.0
10,10,71,74,1.0,0,1.0,1.0
10,10,71,75,1.0,0,1.0,1.0
10,10,71,76,1.0,0,1.0,1.0
10,10,71,77,1.0,0,1.0,1.0
10,10,71,78,3.0,0,3.0,3.0
10,10,71,79,1.0,0,1.0,1.0
10,10,71,80,1.0,0,1.0,1.0
10,10,71,81,1.0,0,1.0,1.0
10,10,71,82,2.0,0,2.0,2.0
10,10,71,83,2.4166666666666665,0,2.4166666666666665,2.4166666666666665
10,10,71,84,1.8,0,1.8,1.8
10,10,71,85,1.0,0,1.0,1.0
10,10,71,86,1.0,0,1.0,1.0
10,10,71,87,1.1428571428571428,0,1.1428571428571428,1.1428571428571428
10,10,71,88,1.6666666666666667,0,1.6666666666666667,1.6666666666666667
10,10,71,89,2.3333333333333335,0,2.3333333333333335,2.3333333333333335
10,10,71,90,1.0,0,1.0,1.0
10,10,71,91,1.0,0,1.0,1.0
10,10,71,92,1.0,0,1.0,1.0
10,10,71,93,1.0,0,1.0,1.0
10,10,71,94,1.0,0,1.0,1.0
10,10,71,95,1.0,0,1.0,1.0
10,10,71,96,3.0,0,3.0,3.0
10,10,71,97,4.375,0,4.375,4.375
10,10,71,98,4.454545454545454,0,4.454545454545454,4.454545454545454
10,10,71,99,1.0,0,1.0,1.0
10,10,99,0,1.0,0,1.0,1.0
10,10,99,1,1.0,0,1.0,1.0
10,10,99,2,1.125,0,1.125,1.125
10,10,99,3,1.0,0,1.0,1.0
10,10,99,4,6.0,0,6.0,6.0
10,10,99,5,1.0,0,1.0,1.0
10,10,99,6,1.0,0,1.0,1.0
10,10,99,7,1.0,0,1.0,1.0
10,10,99,8,4.285714285714286,0,4.285714285714286,4.285714285714286
10,10,99,9,1.0,0,1.0,1.0
10,10,99,10,1.125,0,1.125,1.125
10,10,99,11,2.25,0,2.25,2.25
10,10,99,12,2.0,0,2.0,2.0
10,10,99,13,1.0,0,1.0,1.0
10,10,99,14,1.0,0,1.0,1.0
10,10,99,15,1.0,0,1.0,1.0
10,10,99,16,1.0,0,1.0,1.0
10,10,99,17,4.0,0,4.0,4.0
10,10,99,18,1.4,0,1.4,1.4
10,10,99,19,1.0,0,1.0,1.0
10,10,99,20,1.0,0,1.0,1.0
10,10,99,21,1.0,0,1.0,1.0
10,10,99,22,1.0,0,1.0,1.0
10,10,99,23,1.0,0,1.0,1.0
10,10,99,24,1.0,0,1.0,1.0
10,10,99,25,1.0,0,1.0,1.0
10,10,99,26,1.0,0,1.0,1.0
10,10,99,27,1.0,0,1.0,1.0
10,10,99,28,4.277777777777778,0,4.277777777777778,4.277777777777778
10,10,99,29,1.0,0,1.0,1.0
10,10,99,30,1.0,0,1.0,1.0
10,10,99,31,3.0714285714285716,0,3.0714285714285716,3.0714285714285716
10,10,99,32,1.0,0,1.0,1.0
10,10,99,33,2.176470588235294,0,2.176470588235294,2.176470588235294
10,10,99,34,1.0,0,1.0,1.0
10,10,99,35,1.0,0,1.0,1.0
10,10,99,36,1.0,0,1.0,1.0
10,10,99,37,1.0,0,1.0,1.0
10,10,99,38,1.0,0,1.0,1.0
10,10,99,39,1.0,0,1.0,1.0
10,10,99,40,1.0,0,1.0,1.0
10,10,99,41,1.0,0,1.0,1.0
10,10,99,42,2.206896551724138,0,2.206896551724138,2.206896551724138
10,10,99,43,1.0,0,1.0,1.0
10,10,99,44,1.0,0,1.0,1.0
10,10,99,45,5.0,0,5.0,5.0
10,10,99,46,1.0,0,1.0,1.0
10,10,99,47,1.0,0,1.0,1.0
10,10,99,48,1.0,0,1.0,1.0
10,10,99,49,1.3333333333333333,0,1.3333333333333333,1.3333333333333333
10,10,99,50,1.0909090909090908,0,1.0909090909090908,1.0909090909090908
10,10,99,51,2.8181818181818183,0,2.8181818181818183,2.8181818181818183
10,10,99,52,4.523809523809524,0,4.523809523809524,4.523809523809524
10,10,99,53,1.0,0,1.0,1.0
10,10,99,54,1.0,0,1.0,1.0
10,10,99,55,1.0,0,1.0,1.0
10,10,99,56,1.0,0,1.0,1.0
10,10,99,57,1.0,0,1.0,1.0
10,10,99,58,1.0,0,1.0,1.0
10,10,99,59,4.733333333333333,0,4.733333333333333,4.733333333333333
10,10,99,60,1.0,0,1.0,1.0
10,10,99,61,1.0,0,1.0,1.0
10,10,99,62,4.947368421052632,0,4.947368421052632,4.947368421052632
10,10,99,63,6.846153846153846,0,6.846153846153846,6.846153846153846
10,10,99,64,1.0,0,1.0,1.0
10,10,99,65,1.0,0,1.0,1.0
10,10,99,66,5.8,0,5.8,5.8
10,10,99,67,3.1538461538461537,0,3.1538461538461537,3.1538461538461537
10,10,99,68,4.0,0,4.0,4.0
10,10,99,69,1.0,0,1.0,1.0
10,10,99,70,6.066666666666666,0,6.066666666666666,6.066666666666666
10,10,99,71,1.0,0,1.0,1.0
10,10,99,72,1.0,0,1.0,1.0
10,10,99,73,3.0,0,3.0,3.0
10,10,99,74,2.0,0,2.0,2.0
10,10,99,75,2.0,0,2.0,2.0
10,10,99,76,1.0,0,1.0,1.0
10,10,99,77,1.0,0,1.0,1.0
10,10,99,78,1.0,0,1.0,1.0
10,10,99,79,1.0,0,1.0,1.0
10,10,99,80,1.2,0,1.2,1.2
10,10,99,81,1.0,0,1.0,1.0
10,10,99,82,1.5,0,1.5,1.5
10,10,99,83,3.45,0,3.45,3.45
10,10,99,84,2.0454545454545454,0,2.0454545454545454,2.0454545454545454
10,10,99,85,1.0,0,1.0,1.0
10,10,99,86,3.5714285714285716,0,3.5714285714285716,3.5714285714285716
10,10,99,87,4.666666666666667,0,4.666666666666667,4.666666666666667
10,10,99,88,1.0,0,1.0,1.0
10,10,99,89,1.0,0,1.0,1.0
10,10,99,90,3.1052631578947367,0,3.1052631578947367,3.1052631578947367
10,10,99,91,1.0,0,1.0,1.0
10,10,99,92,1.3333333333333333,0,1.3333333333333333,1.3333333333333333
10,10,99,93,1.5,0,1.5,1.5
10,10,99,94,2.3,0,2.3,2.3
10,10,99,95,1.0,0,1.0,1.0
10,10,99,96,1.0,0,1.0,1.0
10,10,99,97,5.545454545454546,0,5.545454545454546,5.545454545454546
10,10,99,98,1.0,0,1.0,1.0
10,10,99,99,1.0,0,1.0,1.0
10,10,137,0,5.090909090909091,0,5.090909090909091,5.090909090909091
10,10,137,1,1.0,0,1.0,1.0
10,10,137,2,1.0,0,1.0,1.0
10,10,137,3,1.6666666666666667,0,1.6666666666666667,1.6666666666666667
10,10,137,4,5.0,0,5.0,5.0
10,10,137,5,1.25,0,1.25,1.25
10,10,137,6,1.380952380952381,0,1.380952380952381,1.380952380952381
10,10,137,7,1.0,0,1.0,1.0
10,10,137,8,1.0,0,1.0,1.0
10,10,137,9,1.0,0,1.0,1.0
10,10,137,10,1.9047619047619047,0,1.9047619047619047,1.9047619047619047
10,10,137,11,1.0,0,1.0,1.0
10,10,137,12,4.076923076923077,0,4.076923076923077,4.076923076923077
10,10,137,13,1.0,0,1.0,1.0
10,10,137,14,4.411764705882353,0,4.411764705882353,4.411764705882353
10,10,137,15,1.0,0,1.0,1.0
10,10,137,16,1.0,0,1.0,1.0
10,10,137,17,1.236842105263158,0,1.236842105263158,1.236842105263158
10,10,137,18,1.5714285714285714,0,1.5714285714285714,1.5714285714285714
10,10,137,19,1.75,0,1.75,1.75
10,10,137,20,1.0,0,1.0,1.0
10,10,137,21,1.0,0,1.0,1.0
10,10,137,22,2.3448275862068964,0,2.3448275862068964,2.3448275862068964
10,10,137,23,5.071428571428571,0,5.071428571428571,5.071428571428571
10,10,137,24,1.0,0,1.0,1.0
10,10,137,25,6.111111111111111,0,6.111111111111111,6.111111111111111
10,10,137,26,1.0,0,1.0,1.0
10,10,137,27,1.0,0,1.0,1.0
10,10,137,28,1.0,0,1.0,1.0
10,10,137,29,1.1282051282051282,0,1.1282051282051282,1.1282051282051282
10,10,137,30,2.2,0,2.2,2.2
10,10,137,31,1.0,0,1.0,1.0
10,10,137,32,5.285714285714286,0,5.285714285714286,5.285714285714286
10,10,137,33,1.0,0,1.0,1.0
10,10,137,34,6.0,0,6.0,6.0
10,10,137,35,1.0,0,1.0,1.0
10,10,137,36,1.0,0,1.0,1.0
10,10,137,37,6.466666666666667,0,6.466666666666667,6.466666666666667
10,10,137,38,1.0,0,1.0,1.0
10,10,137,39,1.0,0,1.0,1.0
10,10,137,40,1.0,0,1.0,1.0
10,10,137,41,1.0,0,1.0,1.0
10,10,137,42,1.0,0,1.0,1.0
10,10,137,43,1.8333333333333333,0,1.8333333333333333,1.8333333333333333
10,10,137,44,2.5757575757575757,0,2.5757575757575757,2.5757575757575757
10,10,137,45,1.5,0,1.5,1.5
10,10,137,46,2.3846153846153846,0,2.3846153846153846,2.3846153846153846
10,10,137,47,5.888888888888889,0,5.888888888888889,5.888888888888889
10,10,137,48,1.8823529411764706,0,1.8823529411764706,1.8823529411764706
10,10,137,49,1.0,0,1.0,1.0
10,10,137,50,1.0,0,1.0,1.0
10,10,137,51,2.9411764705882355,0,2.9411764705882355,2.9411764705882355
10,10,137,52,3.0,0,3.0,3.0
10,10,137,53,1.0,0,1.0,1.0
10,10,137,54,1.0,0,1.0,1.0
10,10,137,55,1.625,0,1.625,1.625
10,10,137,56,1.0,0,1.0,1.0
10,10,137,57,1.0,0,1.0,1.0
10,10,137,58,1.0,0,1.0,1.0
10,10,137,59,1.0,0,1.0,1.0
10,10,137,60,1.0,0,1.0,1.0
10,10,137,61,1.0,0,1.0,1.0
10,10,137,62,1.0,0,1.0,1.0
10,10,137,63,1.0,0,1.0,1.0
10,10,137,64,2.1875,0,2.1875,2.1875
10,10,137,65,1.0,0,1.0,1.0
10,10,137,66,1.0,0,1.0,1.0
10,10,137,67,1.0,0,1.0,1.0
10,10,137,68,1.0,0,1.0,1.0
10,10,137,69,1.0,0,1.0,1.0
10,10,137,70,2.076923076923077,0,2.076923076923077,2.076923076923077
10,10,137,71,6.7,0,6.7,6.7
10,10,137,72,1.0,0,1.0,1.0
10,10,137,73,1.0,0,1.0,1.0
10,10,137,74,4.533333333333333,0,4.533333333333333,4.533333333333333
10,10,137,75,1.0,0,1.0,1.0
10,10,137,76,1.5,0,1.5,1.5
10,10,137,77,3.066666666666667,0,3.066666666666667,3.066666666666667
10,10,137,78,1.0,0,1.0,1.0
10,10,137,79,1.0,0,1.0,1.0
10,10,137,80,5.0,0,5.0,5.0
10,10,137,81,1.0,0,1.0,1.0
10,10,137,82,1.0,0,1.0,1.0
10,10,137,83,1.0,0,1.0,1.0
10,10,137,84,1.0,0,1.0,1.0
10,10,137,85,1.8823529411764706,0,1.8823529411764706,1.8823529411764706
10,10,137,86,4.2272727272727275,0,4.2272727272727275,4.2272727272727275
10,10,137,87,1.0,0,1.0,1.0
10,10,137,88,1.0,0,1.0,1.0
10,10,137,89,1.0,0,1.0,1.0
10,10,137,90,6.105263157894737,0,6.105263157894737,6.105263157894737
10,10,137,91,1.0,0,1.0,1.0
10,10,137,92,5.894736842105263,0,5.894736842105263,5.894736842105263
10,10,137,93,1.6363636363636365,0,1.6363636363636365,1.6363636363636365
10,10,137,94,1.0,0,1.0,1.0
10,10,137,95,1.0,0,1.0,1.0
10,10,137,96,1.0,0,1.0,1.0
10,10,137,97,1.72,0,1.72,1.72
10,10,137,98,1.0,0,1.0,1.0
10,10,137,99,1.0,0,1.0,1.0
10,10,191,0,6.875,0,6.875,6.875
10,10,191,1,2.148936170212766,0,2.148936170212766,2.148936170212766
10,10,191,2,3.0697674418604652,0,3.0697674418604652,3.0697674418604652
10,10,191,3,1.0,0,1.0,1.0
10,10,191,4,1.0,0,1.0,1.0
10,10,191,5,6.6,0,6.6,6.6
10,10,191,6,1.0,0,1.0,1.0
10,10,191,7,1.0,0,1.0,1.0
10,10,191,8,1.0,0,1.0,1.0
10,10,191,9,1.0,0,1.0,1.0
10,10,191,10,1.0,0,1.0,1.0
10,10,191,11,1.0,0,1.0,1.0
10,10,191,12,5.85,0,5.85,5.85
10,10,191,13,1.2,0,1.2,1.2
10,10,191,14,1.0,0,1.0,1.0
10,10,191,15,6.666666666666667,0,6.666666666666667,6.666666666666667
10,10,191,16,2.84375,0,2.84375,2.84375
10,10,191,17,2.6666666666666665,0,2.6666666666666665,2.6666666666666665
10,10,191,18,1.0,0,1.0,1.0
10,10,191,19,1.0,0,1.0,1.0
10,10,191,20,1.9411764705882353,0,1.9411764705882353,1.9411764705882353
10,10,191,21,2.1538461538461537,0,2.1538461538461537,2.1538461538461537
10,10,191,22,1.0,0,1.0,1.0
10,10,191,23,1.0,0,1.0,1.0
10,10,191,24,1.7272727272727273,0,1.7272727272727273,1.7272727272727273
10,10,191,25,1.28,0,1.28,1.28
10,10,191,26,3.7777777777777777,0,3.7777777777777777,3.7777777777777777
10,10,191,27,1.0,0,1.0,1.0
10,10,191,28,1.7142857142857142,0,1.7142857142857142,1.7142857142857142
10,10,191,29,1.0,0,1.0,1.0
10,10,191,30,2.7916666666666665,0,2.7916666666666665,2.7916666666666665
10,10,191,31,3.789473684210526,0,3.789473684210526,3.789473684210526
10,10,191,32,4.25,0,4.25,4.25
10,10,191,33,1.0,0,1.0,1.0
10,10,191,34,1.4285714285714286,0,1.4285714285714286,1.4285714285714286
10,10,191,35,1.0,0,1.0,1.0
10,10,191,36,10.533333333333333,0,10.533333333333333,10.533333333333333
10,10,191,37,1.0,0,1.0,1.0
10,10,191,38,5.8,0,5.8,5.8
10,10,191,39,1.0,0,1.0,1.0
10,10,191,40,1.0,0,1.0,1.0
10,10,191,41,8.6,0,8.6,8.6
10,10,191,42,12.071428571428571,0,12.071428571428571,12.071428571428571
10,10,191,43,1.0,0,1.0,1.0
10,10,191,44,2.6666666666666665,0,2.6666666666666665,2.6666666666666665
10,10,191,45,2.0441176470588234,0,2.0441176470588234,2.0441176470588234
10,10,191,46,4.5,0,4.5,4.5
10,10,191,47,4.475,0,4.475,4.475
10,10,191,48,1.0,0,1.0,1.0
10,10,191,49,1.0,0,1.0,1.0
10,10,191,50,1.0,0,1.0,1.0
10,10,191,51,1.0,0,1.0,1.0
10,10,191,52,13.142857142857142,0,13.142857142857142,13.142857142857142
10,10,191,53,1.0,0,1.0,1.0
10,10,191,54,1.45,0,1.45,1.45
10,10,191,55,1.1785714285714286,0,1.1785714285714286,1.1785714285714286
10,10,191,56,10.0,0,10.0,10.0
10,10,191,57,1.0,0,1.0,1.0
10,10,191,58,1.0,0,1.0,1.0
10,10,191,59,1.0,0,1.0,1.0
10,10,191,60,1.0,0,1.0,1.0
10,10,191,61,2.4166666666666665,0,2.4166666666666665,2.4166666666666665
10,10,191,62,5.65,0,5.65,5.65
10,10,191,63,2.1666666666666665,0,2.1666666666666665,2.1666666666666665
10,10,191,64,6.133333333333334,0,6.133333333333334,6.133333333333334
10,10,191,65,1.951219512195122,0,1.951219512195122,1.951219512195122
10,10,191,66,1.0,0,1.0,1.0
10,10,191,67,1.0,0,1.0,1.0
10,10,191,68,5.3478260869565215,0,5.3478260869565215,5.3478260869565215
10,10,191,69,2.935483870967742,0,2.935483870967742,2.935483870967742
10,10,191,70,1.0,0,1.0,1.0
10,10,191,71,1.5714285714285714,0,1.5714285714285714,1.5714285714285714
10,10,191,72,1.0,0,1.0,1.0
10,10,191,73,1.2857142857142858,0,1.2857142857142858,1.2857142857142858
10,10,191,74,1.0,0,1.0,1.0
10,10,191,75,1.9090909090909092,0,1.9090909090909092,1.9090909090909092
10,10,191,76,2.475,0,2.475,2.475
10,10,191,77,1.0,0,1.0,1.0
10,10,191,78,2.413793103448276,0,2.413793103448276,2.413793103448276
10,10,191,79,8.666666666666666,0,8.666666666666666,8.666666666666666
10,10,191,80,1.641025641025641,0,1.641025641025641,1.641025641025641
10,10,191,81,1.0,0,1.0,1.0
10,10,191,82,2.3333333333333335,0,2.3333333333333335,2.3333333333333335
10,10,191,83,1.0,0,1.0,1.0
10,10,191,84,1.0,0,1.0,1.0
10,10,191,85,1.0,0,1.0,1.0
10,10,191,86,3.6363636363636362,0,3.6363636363636362,3.6363636363636362
10,10,191,87,6.578947368421052,0,6.578947368421052,6.578947368421052
10,10,191,88,1.0,0,1.0,1.0
10,10,191,89,1.0,0,1.0,1.0
10,10,191,90,1.6818181818181819,0,1.6818181818181819,1.6818181818181819
10,10,191,91,1.0,0,1.0,1.0
10,10,191,92,2.9166666666666665,0,2.9166666666666665,2.9166666666666665
10,10,191,93,3.676470588235294,0,3.676470588235294,3.676470588235294
10,10,191,94,1.7446808510638299,0,1.7446808510638299,1.7446808510638299
10,10,191,95,1.0,0,1.0,1.0
10,10,191,96,1.0,0,1.0,1.0
10,10,191,97,5.666666666666667,0,5.666666666666667,5.666666666666667
10,10,191,98,1.0,0,1.0,1.0
10,10,191,99,1.0,0,1.0,1.0
10,10,265,0,1.0,0,1.0,1.0
10,10,265,1,1.0,0,1.0,1.0
10,10,265,2,1.0,0,1.0,1.0
10,10,265,3,6.258064516129032,0,6.258064516129032,6.258064516129032
10,10,265,4,9.222222222222221,0,9.222222222222221,9.222222222222221
10,10,265,5,7.444444444444445,0,7.444444444444445,7.444444444444445
10,10,265,6,1.0,0,1.0,1.0
10,10,265,7,1.0,0,1.0,1.0
10,10,265,8,1.2222222222222223,0,1.2222222222222223,1.2222222222222223
10,10,265,9,2.4,0,2.4,2.4
10,10,265,10,1.0,0,1.0,1.0
10,10,265,11,6.222222222222222,0,6.222222222222222,6.222222222222222
10,10,265,12,1.0,0,1.0,1.0
10,10,265,13,1.0,0,1.0,1.0
10,10,265,14,7.0,0,7.0,7.0
10,10,265,15,1.0,0,1.0,1.0
10,10,265,16,15.0,0,15.0,15.0
10,10,265,17,6.972222222222222,0,6.972222222222222,6.972222222222222
10,10,265,18,1.4883720930232558,0,1.4883720930232558,1.4883720930232558
10,10,265,19,1.0,0,1.0,1.0
10,10,265,20,1.0,0,1.0,1.0
10,10,265,21,8.529411764705882,0,8.529411764705882,8.529411764705882
10,10,265,22,3.5,0,3.5,3.5
10,10,265,23,2.107142857142857,0,2.107142857142857,2.107142857142857
10,10,265,24,1.0,0,1.0,1.0
10,10,265,25,2.2580645161290325,0,2.2580645161290325,2.2580645161290325
10,10,265,26,9.470588235294118,0,9.470588235294118,9.470588235294118
10,10,265,27,1.0,0,1.0,1.0
10,10,265,28,8.125,0,8.125,8.125
10,10,265,29,1.0,0,1.0,1.0
10,10,265,30,1.0,0,1.0,1.0
10,10,265,31,3.2115384615384617,0,3.2115384615384617,3.2115384615384617
10,10,265,32,1.0,0,1.0,1.0
10,10,265,33,1.0,0,1.0,1.0
10,10,265,34,11.454545454545455,0,11.454545454545455,11.454545454545455
10,10,265,35,7.71875,0,7.71875,7.71875
10,10,265,36,7.666666666666667,0,7.666666666666667,7.666666666666667
10,10,265,37,6.56,0,6.56,6.56
10,10,265,38,1.0,0,1.0,1.0
10,10,265,39,7.138888888888889,0,7.138888888888889,7.138888888888889
10,10,265,40,1.0,0,1.0,1.0
10,10,265,41,1.0,0,1.0,1.0
10,10,265,42,1.0,0,1.0,1.0
10,10,265,43,1.0,0,1.0,1.0
10,10,265,44,1.0,0,1.0,1.0
10,10,265,45,1.8095238095238095,0,1.8095238095238095,1.8095238095238095
10,10,265,46,11.041666666666666,0,11.041666666666666,11.041666666666666
10,10,265,47,7.3428571428571425,0,7.3428571428571425,7.3428571428571425
10,10,265,48,1.0,0,1.0,1.0
10,10,265,49,1.0,0,1.0,1.0
10,10,265,50,4.117647058823529,0,4.117647058823529,4.117647058823529
10,10,265,51,1.0,0,1.0,1.0
10,10,265,52,2.36,0,2.36,2.36
10,10,265,53,3.45,0,3.45,3.45
10,10,265,54,8.526315789473685,0,8.526315789473685,8.526315789473685
10,10,265,55,1.0,0,1.0,1.0
10,10,265,56,1.0,0,1.0,1.0
10,10,265,57,1.0,0,1.0,1.0
10,10,265,58,6.5,0,6.5,6.5
10,10,265,59,1.0,0,1.0,1.0
10,10,265,60,4.619047619047619,0,4.619047619047619,4.619047619047619
10,10,265,61,5.304347826086956,0,5.304347826086956,5.304347826086956
10,10,265,62,1.0,0,1.0,1.0
10,10,265,63,5.454545454545454,0,5.454545454545454,5.454545454545454
10,10,265,64,3.15,0,3.15,3.15
10,10,265,65,1.0,0,1.0,1.0
10,10,265,66,1.0,0,1.0,1.0
10,10,265,67,3.588235294117647,0,3.588235294117647,3.588235294117647
10,10,265,68,8.517241379310345,0,8.517241379310345,8.517241379310345
10,10,265,69,1.0,0,1.0,1.0
10,10,265,70,8.76923076923077,0,8.76923076923077,8.76923076923077
10,10,265,71,4.285714285714286,0,4.285714285714286,4.285714285714286
10,10,265,72,1.0,0,1.0,1.0
10,10,265,73,3.161290322580645,0,3.161290322580645,3.161290322580645
10,10,265,74,1.0,0,1.0,1.0
10,10,265,75,1.0,0,1.0,1.0
10,10,265,76,2.0307692307692307,0,2.0307692307692307,2.0307692307692307
10,10,265,77,1.0,0,1.0,1.0
10,10,265,78,6.916666666666667,0,6.916666666666667,6.916666666666667
10,10,265,79,1.0933333333333333,0,1.0933333333333333,1.0933333333333333
10,10,265,80,3.0,0,3.0,3.0
10,10,265,81,1.0,0,1.0,1.0
10,10,265,82,2.888888888888889,0,2.888888888888889,2.888888888888889
10,10,265,83,1.0,0,1.0,1.0
10,10,265,84,1.0,0,1.0,1.0
10,10,265,85,5.081081081081081,0,5.081081081081081,5.081081081081081
10,10,265,86,1.0,0,1.0,1.0
10,10,265,87,5.814814814814815,0,5.814814814814815,5.814814814814815
10,10,265,88,1.0,0,1.0,1.0
10,10,265,89,1.0,0,1.0,1.0
10,10,265,90,1.0,0,1.0,1.0
10,10,265,91,1.0,0,1.0,1.0
10,10,265,92,4.0,0,4.0,4.0
10,10,265,93,1.0,0,1.0,1.0
10,10,265,94,2.5,0,2.5,2.5
10,10,265,95,3.6666666666666665,0,3.6666666666666665,3.6666666666666665
10,10,265,96,7.444444444444445,0,7.444444444444445,7.444444444444445
10,10,265,97,1.0,0,1.0,1.0
10,10,265,98,11.777777777777779,0,11.777777777777779,11.777777777777779
10,10,265,99,14.0,0,14.0,14.0
10,10,368,0,1.0,0,1.0,1.0
10,10,368,1,1.0,0,1.0,1.0
10,10,368,2,7.838709677419355,0,7.838709677419355,7.838709677419355
10,10,368,3,1.125,0,1.125,1.125
10,10,368,4,1.0,0,1.0,1.0
10,10,368,5,1.0618556701030928,0,1.0618556701030928,1.0618556701030928
10,10,368,6,8.090909090909092,0,8.090909090909092,8.090909090909092
10,10,368,7,5.596153846153846,0,5.596153846153846,5.596153846153846
10,10,368,8,10.782608695652174,0,10.782608695652174,10.782608695652174
10,10,368,9,3.48,0,3.48,3.48
10,10,368,10,1.0,0,1.0,1.0
10,10,368,11,9.68,0,9.68,9.68
10,10,368,12,2.6779661016949152,0,2.6779661016949152,2.6779661016949152
10,10,368,13,1.0,0,1.0,1.0
10,10,368,14,1.4893617021276595,0,1.4893617021276595,1.4893617021276595
10,10,368,15,1.0,0,1.0,1.0
10,10,368,16,1.4375,0,1.4375,1.4375
10,10,368,17,8.076923076923077,0,8.076923076923077,8.076923076923077
10,10,368,18,1.4851485148514851,0,1.4851485148514851,1.4851485148514851
10,10,368,19,1.0,0,1.0,1.0
10,10,368,20,1.4545454545454546,0,1.4545454545454546,1.4545454545454546
10,10,368,21,2.466666666666667,0,2.466666666666667,2.466666666666667
10,10,368,22,3.675324675324675,0,3.675324675324675,3.675324675324675
10,10,368,23,1.9090909090909092,0,1.9090909090909092,1.9090909090909092
10,10,368,24,1.0,0,1.0,1.0
10,10,368,25,1.0,0,1.0,1.0
10,10,368,26,3.9215686274509802,0,3.9215686274509802,3.9215686274509802
10,10,368,27,3.0,0,3.0,3.0
10,10,368,28,1.9029126213592233,0,1.9029126213592233,1.9029126213592233
10,10,368,29,3.090909090909091,0,3.090909090909091,3.090909090909091
10,10,368,30,7.394736842105263,0,7.394736842105263,7.394736842105263
10,10,368,31,2.515151515151515,0,2.515151515151515,2.515151515151515
10,10,368,32,1.0,0,1.0,1.0
10,10,368,33,1.0,0,1.0,1.0
10,10,368,34,3.4285714285714284,0,3.4285714285714284,3.4285714285714284
10,10,368,35,2.125,0,2.125,2.125
10,10,368,36,5.081632653061225,0,5.081632653061225,5.081632653061225
10,10,368,37,1.0,0,1.0,1.0
10,10,368,38,1.72,0,1.72,1.72
10,10,368,39,1.3333333333333333,0,1.3333333333333333,1.3333333333333333
10,10,368,40,10.76,0,10.76,10.76
10,10,368,41,3.9242424242424243,0,3.9242424242424243,3.9242424242424243
10,10,368,42,7.392857142857143,0,7.392857142857143,7.392857142857143
10,10,368,43,1.0,0,1.0,1.0
10,10,368,44,1.0,0,1.0,1.0
10,10,368,45,1.0,0,1.0,1.0
10,10,368,46,7.897435897435898,0,7.897435897435898,7.897435897435898
10,10,368,47,2.5,0,2.5,2.5
10,10,368,48,1.0,0,1.0,1.0
10,10,368,49,1.0,0,1.0,1.0
10,10,368,50,10.681818181818182,0,10.681818181818182,10.681818181818182
10,10,368,51,1.0,0,1.0,1.0
10,10,368,52,1.125,0,1.125,1.125
10,10,368,53,1.0,0,1.0,1.0
10,10,368,54,2.7142857142857144,0,2.7142857142857144,2.7142857142857144
10,10,368,55,1.3943661971830985,0,1.3943661971830985,1.3943661971830985
10,10,368,56,1.0,0,1.0,1.0
10,10,368,57,1.3571428571428572,0,1.3571428571428572,1.3571428571428572
10,10,368,58,1.0,0,1.0,1.0
10,10,368,59,1.0,0,1.0,1.0
10,10,368,60,12.090909090909092,0,12.090909090909092,12.090909090909092
10,10,368,61,1.0,0,1.0,1.0
10,10,368,62,1.0,0,1.0,1.0
10,10,368,63,1.0,0,1.0,1.0
10,10,368,64,1.0,0,1.0,1.0
10,10,368,65,1.0,0,1.0,1.0
10,10,368,66,1.0,0,1.0,1.0
10,10,368,67,9.545454545454545,0,9.545454545454545,9.545454545454545
10,10,368,68,6.808510638297872,0,6.808510638297872,6.808510638297872
10,10,368,69,8.323529411764707,0,8.323529411764707,8.323529411764707
10,10,368,70,1.0,0,1.0,1.0
10,10,368,71,1.6288659793814433,0,1.6288659793814433,1.6288659793814433
10,10,368,72,5.511111111111111,0,5.511111111111111,5.511111111111111
10,10,368,73,1.0,0,1.0,1.0
10,10,368,74,1.8695652173913044,0,1.8695652173913044,1.8695652173913044
10,10,368,75,4.0,0,4.0,4.0
10,10,368,76,13.12,0,13.12,13.12
10,10,368,77,1.0,0,1.0,1.0
10,10,368,78,1.0,0,1.0,1.0
10,10,368,79,2.7938144329896906,0,2.7938144329896906,2.7938144329896906
10,10,368,80,5.884615384615385,0,5.884615384615385,5.884615384615385
10,10,368,81,5.491803278688525,0,5.491803278688525,5.491803278688525
10,10,368,82,2.057142857142857,0,2.057142857142857,2.057142857142857
10,10,368,83,1.0,0,1.0,1.0
10,10,368,84,1.0,0,1.0,1.0
10,10,368,85,2.7611940298507465,0,2.7611940298507465,2.7611940298507465
10,10,368,86,3.4878048780487805,0,3.4878048780487805,3.4878048780487805
10,10,368,87,1.691358024691358,0,1.691358024691358,1.691358024691358
10,10,368,88,10.515151515151516,0,10.515151515151516,10.515151515151516
10,10,368,89,4.166666666666667,0,4.166666666666667,4.166666666666667
10,10,368,90,6.035087719298246,0,6.035087719298246,6.035087719298246
10,10,368,91,1.0,0,1.0,1.0
10,10,368,92,1.5333333333333334,0,1.5333333333333334,1.5333333333333334
10,10,368,93,3.4761904761904763,0,3.4761904761904763,3.4761904761904763
10,10,368,94,4.527777777777778,0,4.527777777777778,4.527777777777778
10,10,368,95,1.0,0,1.0,1.0
10,10,368,96,1.0,0,1.0,1.0
10,10,368,97,1.0,0,1.0,1.0
10,10,368,98,1.7666666666666666,0,1.7666666666666666,1.7666666666666666
10,10,368,99,11.0,0,11.0,11.0
10,10,512,0,1.0,0,1.0,1.0
10,10,512,1,13.206896551724139,0,13.206896551724139,13.206896551724139
10,10,512,2,1.0,0,1.0,1.0
10,10,512,3,5.953846153846154,0,5.953846153846154,5.953846153846154
10,10,512,4,1.2222222222222223,0,1.2222222222222223,1.2222222222222223
10,10,512,5,1.0,0,1.0,1.0
10,10,512,6,20.12,0,20.12,20.12
10,10,512,7,1.0,0,1.0,1.0
10,10,512,8,1.0,0,1.0,1.0
10,10,512,9,1.0,0,1.0,1.0
10,10,512,10,3.5043478260869567,0,3.5043478260869567,3.5043478260869567
10,10,512,11,1.0,0,1.0,1.0
10,10,512,12,1.3243243243243243,0,1.3243243243243243,1.3243243243243243
10,10,512,13,1.3571428571428572,0,1.3571428571428572,1.3571428571428572
10,10,512,14,1.0,0,1.0,1.0
10,10,512,15,1.0,0,1.0,1.0
10,10,512,16,2.514018691588785,0,2.514018691588785,2.514018691588785
10,10,512,17,11.447368421052632,0,11.447368421052632,11.447368421052632
10,10,512,18,6.211267605633803,0,6.211267605633803,6.211267605633803
10,10,512,19,1.0,0,1.0,1.0
10,10,512,20,1.0,0,1.0,1.0
10,10,512,21,1.0,0,1.0,1.0
10,10,512,22,5.403225806451613,0,5.403225806451613,5.403225806451613
10,10,512,23,9.89795918367347,0,9.89795918367347,9.89795918367347
10,10,512,24,2.4745762711864407,0,2.4745762711864407,2.4745762711864407
10,10,512,25,5.395604395604396,0,5.395604395604396,5.395604395604396
10,10,512,26,7.7846153846153845,0,7.7846153846153845,7.7846153846153845
10,10,512,27,1.0,0,1.0,1.0
10,10,512,28,4.9125,0,4.9125,4.9125
10,10,512,29,1.0,0,1.0,1.0
10,10,512,30,13.142857142857142,0,13.142857142857142,13.142857142857142
10,10,512,31,1.0,0,1.0,1.0
10,10,512,32,2.3488372093023258,0,2.3488372093023258,2.3488372093023258
10,10,512,33,1.696969696969697,0,1.696969696969697,1.696969696969697
10,10,512,34,1.0,0,1.0,1.0
10,10,512,35,1.0,0,1.0,1.0
10,10,512,36,13.529411764705882,0,13.529411764705882,13.529411764705882
10,10,512,37,2.602272727272727,0,2.602272727272727,2.602272727272727
10,10,512,38,1.0,0,1.0,1.0
10,10,512,39,1.0084033613445378,0,1.0084033613445378,1.0084033613445378
10,10,512,40,1.0,0,1.0,1.0
10,10,512,41,5.709302325581396,0,5.709302325581396,5.709302325581396
10,10,512,42,4.314285714285714,0,4.314285714285714,4.314285714285714
10,10,512,43,1.0,0,1.0,1.0
10,10,512,44,1.0,0,1.0,1.0
10,10,512,45,1.375,0,1.375,1.375
10,10,512,46,5.859375,0,5.859375,5.859375
10,10,512,47,3.5833333333333335,0,3.5833333333333335,3.5833333333333335
10,10,512,48,10.142857142857142,0,10.142857142857142,10.142857142857142
10,10,512,49,1.0,0,1.0,1.0
10,10,512,50,1.0,0,1.0,1.0
10,10,512,51,1.0,0,1.0,1.0
10,10,512,52,4.038834951456311,0,4.038834951456311,4.038834951456311
10,10,512,53,4.0,0,4.0,4.0
10,10,512,54,1.0,0,1.0,1.0
10,10,512,55,12.714285714285714,0,12.714285714285714,12.714285714285714
10,10,512,56,4.977011494252873,0,4.977011494252873,4.977011494252873
10,10,512,57,1.0817307692307692,0,1.0817307692307692,1.0817307692307692
10,10,512,58,9.175,0,9.175,9.175
10,10,512,59,2.4285714285714284,0,2.4285714285714284,2.4285714285714284
10,10,512,60,7.933333333333334,0,7.933333333333334,7.933333333333334
10,10,512,61,1.0,0,1.0,1.0
10,10,512,62,1.0,0,1.0,1.0
10,10,512,63,4.066666666666666,0,4.066666666666666,4.066666666666666
10,10,512,64,9.6875,0,9.6875,9.6875
10,10,512,65,1.2135922330097086,0,1.2135922330097086,1.2135922330097086
10,10,512,66,5.660377358490566,0,5.660377358490566,5.660377358490566
10,10,512,67,3.358974358974359,0,3.358974358974359,3.358974358974359
10,10,512,68,6.6103896103896105,0,6.6103896103896105,6.6103896103896105
10,10,512,69,1.0,0,1.0,1.0
10,10,512,70,4.62962962962963,0,4.62962962962963,4.62962962962963
10,10,512,71,1.606060606060606,0,1.606060606060606,1.606060606060606
10,10,512,72,1.0,0,1.0,1.0
10,10,512,73,1.0,0,1.0,1.0
10,10,512,74,3.364705882352941,0,3.364705882352941,3.364705882352941
10,10,512,75,3.0,0,3.0,3.0
10,10,512,76,14.666666666666666,0,14.666666666666666,14.666666666666666
10,10,512,77,1.0,0,1.0,1.0
10,10,512,78,5.685714285714286,0,5.685714285714286,5.685714285714286
10,10,512,79,6.588235294117647,0,6.588235294117647,6.588235294117647
10,10,512,80,1.0,0,1.0,1.0
10,10,512,81,1.0,0,1.0,1.0
10,10,512,82,1.7,0,1.7,1.7
10,10,512,83,5.166666666666667,0,5.166666666666667,5.166666666666667
10,10,512,84,9.481481481481481,0,9.481481481481481,9.481481481481481
10,10,512,85,2.0,0,2.0,2.0
10,10,512,86,1.0,0,1.0,1.0
10,10,512,87,1.4285714285714286,0,1.4285714285714286,1.4285714285714286
10,10,512,88,2.603448275862069,0,2.603448275862069,2.603448275862069
10,10,512,89,10.333333333333334,0,10.333333333333334,10.333333333333334
10,10,512,90,1.8620689655172413,0,1.8620689655172413,1.8620689655172413
10,10,512,91,14.821428571428571,0,14.821428571428571,14.821428571428571
10,10,512,92,4.279661016949152,0,4.279661016949152,4.279661016949152
10,10,512,93,8.636363636363637,0,8.636363636363637,8.636363636363637
10,10,512,94,5.953125,0,5.953125,5.953125
10,10,512,95,1.0,0,1.0,1.0
10,10,512,96,1.0,0,1.0,1.0
10,10,512,97,2.657142857142857,0,2.657142857142857,2.657142857142857
10,10,512,98,3.9541284403669725,0,3.9541284403669725,3.9541284403669725
10,10,512,99,1.0,0,1.0,1.0
